mse,psnr,ssim,cvar,jitter_factor,charge_injection_factor,clock_feedthrough_factor,gain_error_factor,f0_mhz,fs_mhz,ch_compression
5269.901227399558,10.912778854651041,0.8805315534034922,0.002430491012486369,0.0,0.0,0.0,inf,2.5,50.0,10
5539.55597490363,10.69605405774401,0.8800547638971185,0.003910852239999323,0.0,0.0,0.0,inf,2.5,50.0,10
6439.900243544459,10.042012208394217,0.8555683755166098,-0.01244990546229215,0.0,0.0,0.0,inf,2.5,50.0,10
5682.003306398284,10.585788787618606,0.8754740372911729,0.0065275587645644865,0.0,0.0,0.0,inf,2.5,50.0,10
5732.359090982403,10.547469728712414,0.8565055778427931,0.011480865785589798,0.0,0.0,0.0,inf,2.5,50.0,10
5352.3536394574285,10.845355605567498,0.8813356785090879,-0.004197524889881747,0.0,0.0,0.0,inf,2.5,50.0,10
6494.097901646747,10.00561529330552,0.8408505562395994,-0.01870237500311909,0.0,0.0,0.0,inf,2.5,50.0,10
5744.317478750343,10.538419262459318,0.8738648510566888,0.010589385487008423,0.0,0.0,0.0,inf,2.5,50.0,10
5956.1941742875115,10.381115133849843,0.8639856753725448,0.010998617426021476,0.0,0.0,0.0,inf,2.5,50.0,10
6104.930872082708,10.273996102025698,0.8622145363593352,0.010606028663938786,0.0,0.0,0.0,inf,2.5,50.0,10
5829.619973871389,10.474401163370278,0.8727955781745583,-0.007854276223692364,0.0,0.0,0.0,inf,2.5,50.0,10
5813.256560378059,10.486608704768617,0.8649216470588675,-0.010616641948730023,0.0,0.0,0.0,inf,2.5,50.0,10
5462.897727456008,10.756572908342486,0.8763072083772161,0.005894457997678377,0.0,0.0,0.0,inf,2.5,50.0,10
6419.008677279398,10.056123980996608,0.8560230253923728,-0.011703164440725729,0.0,0.0,0.0,inf,2.5,50.0,10
5380.56991016274,10.822520822776694,0.8822406560302745,0.003722558860613884,0.0,0.0,0.0,inf,2.5,50.0,10
5710.870873050435,10.563780203066496,0.8762073345390572,0.005285344346848432,0.0,0.0,0.0,inf,2.5,50.0,10
5266.030080159998,10.915970253515276,0.8811524465609586,-0.000819716460677464,0.0,0.0,0.0,inf,2.5,50.0,10
5297.910259511943,10.889757632919094,0.8823578570243337,-0.002228619184250171,0.0,0.0,0.0,inf,2.5,50.0,10
5376.988742117062,10.825412336787874,0.8799912783256559,0.0022203378002272757,0.0,0.0,0.0,inf,2.5,50.0,10
5324.03414461057,10.868395287969772,0.8799116771137667,0.0022689989797948875,0.0,0.0,0.0,inf,2.5,50.0,10
5445.376574571378,10.770524421382287,0.8792589238394355,-0.003005845153487306,0.0,0.0,0.0,inf,2.5,50.0,10
5539.509765971517,10.696090285138451,0.8806115073066338,0.0035799504373653893,0.0,0.0,0.0,inf,2.5,50.0,10
6007.567990838857,10.343816662227605,0.8662742804018554,0.009357293431185723,0.0,0.0,0.0,inf,2.5,50.0,10
5594.020838373574,10.653562810322947,0.876271797661019,-0.005081185005784378,0.0,0.0,0.0,inf,2.5,50.0,10
5885.8992596893595,10.43267536222807,0.8739842814140664,-0.009644334235529623,0.0,0.0,0.0,inf,2.5,50.0,10
5390.509217593265,10.814505678620687,0.8793441616788341,-0.0035220977723401025,0.0,0.0,0.0,inf,2.5,50.0,10
5470.099304849922,10.750851502279213,0.8792091848622654,0.004147648557079433,0.0,0.0,0.0,inf,2.5,50.0,10
5294.392009806294,10.892642664804445,0.8783482912486948,0.002054329896407329,0.0,0.0,0.0,inf,2.5,50.0,10
7177.181577716488,9.571264271474,0.8274998807418009,0.01751209314633809,0.0,0.0,0.0,inf,2.5,50.0,10
5280.809890163062,10.903798277553427,0.8810109579704918,-0.0016688491914121641,0.0,0.0,0.0,inf,2.5,50.0,10
5504.954097514556,10.723266588642717,0.8733049799249848,-0.005189180522717662,0.0,0.0,0.0,inf,2.5,50.0,10
5438.219641618683,10.776236167527566,0.8765108766659071,0.0035438478564151776,0.0,0.0,0.0,inf,2.5,50.0,10
5714.761374816535,10.560822601285697,0.8741150140274556,-0.008596514809406867,0.0,0.0,0.0,inf,2.5,50.0,10
6773.364848954049,9.822758912530048,0.8374794075945013,-0.013871031902435412,0.0,0.0,0.0,inf,2.5,50.0,10
6179.1752068515025,10.221498513160565,0.8504036588889717,0.015902830986818623,0.0,0.0,0.0,inf,2.5,50.0,10
5677.8026644731535,10.589000665878437,0.8726792961486168,-0.007169945505969772,0.0,0.0,0.0,inf,2.5,50.0,10
6439.355978129385,10.042379266029426,0.8527830601095197,0.01220558493700422,0.0,0.0,0.0,inf,2.5,50.0,10
5697.094804922502,10.574269142895666,0.8724656789715636,0.00862494957771461,0.0,0.0,0.0,inf,2.5,50.0,10
5610.515394912985,10.640776024842125,0.86739161998147,-0.007641468417567047,0.0,0.0,0.0,inf,2.5,50.0,10
5474.518491637232,10.74734433816217,0.8769938528281681,0.003656042005105309,0.0,0.0,0.0,inf,2.5,50.0,10
5589.6466669892425,10.656960047572843,0.8744501802558684,-0.005968902797528349,0.0,0.0,0.0,inf,2.5,50.0,10
5874.82595442009,10.440853559930048,0.8711474104000954,0.006529625877124875,0.0,0.0,0.0,inf,2.5,50.0,10
5617.147949226625,10.635644980231842,0.870999525391641,0.007698439812230911,0.0,0.0,0.0,inf,2.5,50.0,10
6013.048031483363,10.339856879179926,0.8612394438138218,0.010366680963377985,0.0,0.0,0.0,inf,2.5,50.0,10
6603.3259786132485,9.933176237617154,0.8248516472692765,0.021901342578600682,0.0,0.0,0.0,inf,2.5,50.0,10
6273.930291446912,10.155406718501643,0.8598879252538051,0.012642089293505658,0.0,0.0,0.0,inf,2.5,50.0,10
6111.878985822809,10.26905614172934,0.8554450938569289,0.009466609731536964,0.0,0.0,0.0,inf,2.5,50.0,10
7135.150320156126,9.596772337989346,0.8172756200781166,0.021578572099161523,0.0,0.0,0.0,inf,2.5,50.0,10
6929.965048950823,9.72349316600414,0.8057989198274554,0.028056803387109766,0.0,0.0,0.0,inf,2.5,50.0,10
6460.196206512798,10.02834652453042,0.8576056842930442,0.01085106119474047,0.0,0.0,0.0,inf,2.5,50.0,10
5604.8891630780145,10.645133320438855,0.8777274854712381,-0.005261564326723625,0.0,0.0,0.0,inf,2.5,50.0,10
5447.04983790584,10.76919011989403,0.8806547806779095,0.003438289900480249,0.0,0.0,0.0,inf,2.5,50.0,10
7566.26335059112,9.341989076386367,0.8199299872420619,0.015136312705648719,0.0,0.0,0.0,inf,2.5,50.0,10
6733.627312462702,9.848312851419443,0.8414558971217726,0.016394087302509304,0.0,0.0,0.0,inf,2.5,50.0,10
6768.322043192852,9.825993462012809,0.8355072032787301,0.017571491065483,0.0,0.0,0.0,inf,2.5,50.0,10
5555.330849502428,10.68370432274278,0.8618231025839346,0.0081447434620502,0.0,0.0,0.0,inf,2.5,50.0,10
5900.086708278899,10.422219667426551,0.8621223181964873,0.010524259964135608,0.0,0.0,0.0,inf,2.5,50.0,10
6435.991016273931,10.044649316536876,0.8366362687462128,0.019296442987089768,0.0,0.0,0.0,inf,2.5,50.0,10
5359.932694633958,10.839210246327145,0.8813363738568079,0.002331661035442245,0.0,0.0,0.0,inf,2.5,50.0,10
5786.313059466783,10.50678434092947,0.8706831788060427,0.009312745813812019,0.0,0.0,0.0,inf,2.5,50.0,10
5544.219835163949,10.692399186101573,0.8792220666125307,-0.004485686171108385,0.0,0.0,0.0,inf,2.5,50.0,10
8270.001080627731,8.95574794566799,0.7460571546682752,0.04108845281687371,0.0,0.0,0.0,inf,2.5,50.0,10
6305.814954597507,10.133391387275665,0.8544131781980384,0.011512428244359427,0.0,0.0,0.0,inf,2.5,50.0,10
5292.857841002565,10.893901312819406,0.8798163318719676,0.0018778864412889538,0.0,0.0,0.0,inf,2.5,50.0,10
6863.340252576571,9.765448311374419,0.8374077277083086,0.016377439084844472,0.0,0.0,0.0,inf,2.5,50.0,10
5839.953936226835,10.466709393242436,0.8691107598821525,0.009244760073677511,0.0,0.0,0.0,inf,2.5,50.0,10
5365.847308914373,10.834420506832048,0.8802433542242771,-0.004168723610710851,0.0,0.0,0.0,inf,2.5,50.0,10
5675.800261286108,10.59053257195157,0.8729096393515585,0.006642998449859471,0.0,0.0,0.0,inf,2.5,50.0,10
6654.0412090127575,9.899948747060975,0.8374308024458499,0.01839675028776927,0.0,0.0,0.0,inf,2.5,50.0,10
5486.928920501282,10.737510266302813,0.8718873843694157,0.0060271162562353245,0.0,0.0,0.0,inf,2.5,50.0,10
5713.1840292898505,10.56202147376613,0.8734751070046607,0.005261512321471683,0.0,0.0,0.0,inf,2.5,50.0,10
6063.131852712053,10.303833480869063,0.8591544376442817,0.012176760798883265,0.0,0.0,0.0,inf,2.5,50.0,10
5440.91229173723,10.77408635793021,0.8796664398780928,0.004462377124645662,0.0,0.0,0.0,inf,2.5,50.0,10
6064.293801712875,10.30300127120605,0.8567787678889436,0.01302542109924661,0.0,0.0,0.0,inf,2.5,50.0,10
5952.7261818357765,10.383644548746586,0.8462539843527183,0.014011312512408895,0.0,0.0,0.0,inf,2.5,50.0,10
8233.772213351398,8.974815127622996,0.7596644159750666,0.03982285139065328,0.0,0.0,0.0,inf,2.5,50.0,10
5536.77085853454,10.698238104340387,0.8743014338524346,0.005824147446518807,0.0,0.0,0.0,inf,2.5,50.0,10
6434.473637521975,10.045673349840584,0.8484695675165238,0.012237332522552222,0.0,0.0,0.0,inf,2.5,50.0,10
5352.193432363994,10.84548560089785,0.8810659873654998,0.003167174377088926,0.0,0.0,0.0,inf,2.5,50.0,10
6728.741649328236,9.851465070228645,0.8305663445011272,0.019042125775371815,0.0,0.0,0.0,inf,2.5,50.0,10
7738.034338155836,9.244497082613726,0.7856612554277471,0.024765773351238748,0.0,0.0,0.0,inf,2.5,50.0,10
7953.038112288512,9.125472971983893,0.797027004697635,0.023709257652883044,0.0,0.0,0.0,inf,2.5,50.0,10
8120.460073224625,9.03499725518056,0.7815202527488274,0.027597059892252647,0.0,0.0,0.0,inf,2.5,50.0,10
5858.426638280028,10.452993649965714,0.8578789033614315,0.009903543346709683,0.0,0.0,0.0,inf,2.5,50.0,10
5537.425880227738,10.697724347335837,0.8764173639172538,0.003689743056703141,0.0,0.0,0.0,inf,2.5,50.0,10
7923.557023273818,9.14160173118688,0.7787181270265877,0.03155676621577626,0.0,0.0,0.0,inf,2.5,50.0,10
6935.606199900001,9.719959347137229,0.8467242522721148,0.013153644171189046,0.0,0.0,0.0,inf,2.5,50.0,10
5317.174174610087,10.873994741416356,0.8820868570233292,0.0019163205629126566,0.0,0.0,0.0,inf,2.5,50.0,10
7762.47763745746,9.230799988192242,0.7914501489721922,0.028897684666719593,0.0,0.0,0.0,inf,2.5,50.0,10
6225.619151304011,10.188978114257097,0.86167252111823,0.010788999758123068,0.0,0.0,0.0,inf,2.5,50.0,10
9004.572797212948,8.586172474007626,0.7447841311418958,0.03790125641755042,0.0,0.0,0.0,inf,2.5,50.0,10
7961.632086579249,9.120782562533703,0.7975697642108485,0.02765468950597476,0.0,0.0,0.0,inf,2.5,50.0,10
5655.101143529943,10.606399840230383,0.8757132025180921,0.008464014099119512,0.0,0.0,0.0,inf,2.5,50.0,10
6491.097030693053,10.007622597356145,0.8427212736576444,0.01814150210168998,0.0,0.0,0.0,inf,2.5,50.0,10
6183.122756084579,10.21872492056091,0.8483520537523273,0.013829568623591401,0.0,0.0,0.0,inf,2.5,50.0,10
5715.926307640199,10.55993739837768,0.8747850014696954,0.0062737283355469575,0.0,0.0,0.0,inf,2.5,50.0,10
6331.707182142223,10.11559538714285,0.843693982565857,0.011762297284878646,0.0,0.0,0.0,inf,2.5,50.0,10
7112.741810615958,9.610433165816849,0.8204434131643482,0.02114316021817355,0.0,0.0,0.0,inf,2.5,50.0,10
6564.374784277673,9.958869923111793,0.8417276811422223,0.01803069757589492,0.0,0.0,0.0,inf,2.5,50.0,10
7329.339091304979,9.480155461094613,0.8186199229877806,0.023949467162910756,0.0,0.0,0.0,inf,2.5,50.0,10
6975.27112465928,9.695192678247832,0.8340358110128873,0.019344567180044986,0.0,0.0,0.0,inf,2.5,50.0,10
8346.943646070225,8.915528794720174,0.7788102455661692,0.030597928531172654,0.0,0.0,0.0,inf,2.5,50.0,10
8195.560265157013,8.99501712693061,0.7820885344936649,0.03473963519204514,0.0,0.0,0.0,inf,2.5,50.0,10
7451.273785906679,9.408498396762035,0.7840919890146115,0.03468711346183914,0.0,0.0,0.0,inf,2.5,50.0,10
8910.267608586959,8.631896131512,0.7611989969417549,0.030057484986251902,0.0,0.0,0.0,inf,2.5,50.0,10
6558.404848308898,9.962821388426322,0.8422188808714647,0.01702842402592728,0.0,0.0,0.0,inf,2.5,50.0,10
7084.321027080208,9.627821277837379,0.8313234570549141,0.018164398153989174,0.0,0.0,0.0,inf,2.5,50.0,10
6832.335607490202,9.78511169916864,0.8277478471026866,0.019758257061203086,0.0,0.0,0.0,inf,2.5,50.0,10
7003.972710117579,9.677359156136173,0.8169063050097848,0.027947591406809268,0.0,0.0,0.0,inf,2.5,50.0,10
5889.890888856631,10.429731113790083,0.871074579211101,0.007127573115974796,0.0,0.0,0.0,inf,2.5,50.0,10
7219.121272237545,9.545960233874144,0.7968697799619857,0.02728592593796651,0.0,0.0,0.0,inf,2.5,50.0,10
5334.3721230302735,10.85997052299663,0.8803595431784664,-0.002313541984756501,0.0,0.0,0.0,inf,2.5,50.0,10
5245.394187190529,10.933022302279426,0.8818793913693139,-0.0014220431386465157,0.0,0.0,0.0,inf,2.5,50.0,10
5933.351800777406,10.397802615433012,0.8613590717689359,0.014309955622577246,0.0,0.0,0.0,inf,2.5,50.0,10
7135.875356849083,9.596331053049742,0.8137665045172813,0.02225199027885465,0.0,0.0,0.0,inf,2.5,50.0,10
6433.693795261367,10.046199735890067,0.8369251429356096,0.01921786745689491,0.0,0.0,0.0,inf,2.5,50.0,10
7362.326430218867,9.460652916176386,0.8063921402410402,0.02460768411309556,0.0,0.0,0.0,inf,2.5,50.0,10
7039.684585732488,9.655271599281582,0.8287991805086324,0.02183746864333571,0.0,0.0,0.0,inf,2.5,50.0,10
5950.192803341882,10.385493225224103,0.8696776599124324,0.00963762383350708,0.0,0.0,0.0,inf,2.5,50.0,10
6603.422154481379,9.933112984122197,0.843280855165596,0.018193017691711957,0.0,0.0,0.0,inf,2.5,50.0,10
7537.578458411961,9.358485151388688,0.8012021497749654,0.026976011474415397,0.0,0.0,0.0,inf,2.5,50.0,10
7805.502846728278,9.206794744144041,0.778005868929212,0.037734281053298534,0.0,0.0,0.0,inf,2.5,50.0,10
7509.433202690279,9.374732023235898,0.7693640381251419,0.03515097175234036,0.0,0.0,0.0,inf,2.5,50.0,10
8088.820551281431,9.051951600730543,0.7774584318569595,0.03152374695414939,0.0,0.0,0.0,inf,2.5,50.0,10
7041.819890001774,9.653954480262032,0.8393031738741049,0.013737717915086683,0.0,0.0,0.0,inf,2.5,50.0,10
7254.752423348011,9.524577646328774,0.8291968909797067,0.01833141720405835,0.0,0.0,0.0,inf,2.5,50.0,10
8135.759100659667,9.026822801964743,0.7566827028057812,0.03518251009993529,0.0,0.0,0.0,inf,2.5,50.0,10
8045.759245818615,9.075133278820847,0.7719497526771862,0.03640719035068227,0.0,0.0,0.0,inf,2.5,50.0,10
6231.249834680086,10.185051967343504,0.8551649966508901,0.011866536622232242,0.0,0.0,0.0,inf,2.5,50.0,10
10207.260108707924,8.041711789531261,0.6683070811363893,0.06528912275311144,0.0,0.0,0.0,inf,2.5,50.0,10
7718.966790858212,9.255211883895209,0.7894707972233106,0.03136990333105508,0.0,0.0,0.0,inf,2.5,50.0,10
9880.277495524266,8.183112185998624,0.71229204575271,0.04391218216740928,0.0,0.0,0.0,inf,2.5,50.0,10
8784.663053821712,8.693552525974727,0.7519031794723046,0.04085890065653433,0.0,0.0,0.0,inf,2.5,50.0,10
9428.906178932597,8.386190464982125,0.7147769289040087,0.043571241064409856,0.0,0.0,0.0,inf,2.5,50.0,10
9521.990306607959,8.343526258412455,0.6831546879059438,0.05744940882612551,0.0,0.0,0.0,inf,2.5,50.0,10
7976.747455686199,9.112545183889658,0.7587550810692296,0.034493699335213686,0.0,0.0,0.0,inf,2.5,50.0,10
7074.223399622587,9.634015904200798,0.8164241091477846,0.02385859305045583,0.0,0.0,0.0,inf,2.5,50.0,10
8192.615296527476,8.996577988460485,0.7771511300409164,0.03524504581412845,0.0,0.0,0.0,inf,2.5,50.0,10
6869.917114240093,9.761288635529459,0.8209103102558731,0.02671197666669574,0.0,0.0,0.0,inf,2.5,50.0,10
8619.62668344059,8.775919039564945,0.741211549120078,0.04314209076477191,0.0,0.0,0.0,inf,2.5,50.0,10
6524.351429815648,9.985430148885222,0.8042510895013957,0.03144307642045115,0.0,0.0,0.0,inf,2.5,50.0,10
6434.816615861035,10.04544186294866,0.8364202637983357,0.018149848862264326,0.0,0.0,0.0,inf,2.5,50.0,10
6319.31455944259,10.124103868886342,0.8415884292551876,0.018089085059316425,0.0,0.0,0.0,inf,2.5,50.0,10
7551.523620586765,9.350457756949531,0.7888102502557715,0.030211346052277682,0.0,0.0,0.0,inf,2.5,50.0,10
8188.59186142159,8.998711354680776,0.7454540038113654,0.03959672164593923,0.0,0.0,0.0,inf,2.5,50.0,10
7681.636183287366,9.276266265537668,0.7830370127433817,0.03552272969105182,0.0,0.0,0.0,inf,2.5,50.0,10
6740.490411444976,9.843888656328389,0.8242820340398381,0.023896768988231665,0.0,0.0,0.0,inf,2.5,50.0,10
9050.354816857793,8.564147549242806,0.68477200795866,0.05815612153503626,0.0,0.0,0.0,inf,2.5,50.0,10
8162.1976419735165,9.012732541626765,0.7854743867753157,0.03139019811685305,0.0,0.0,0.0,inf,2.5,50.0,10
7681.211157884551,9.27650656758983,0.7790202871014937,0.036899457921422435,0.0,0.0,0.0,inf,2.5,50.0,10
8096.773310107901,9.047683806070964,0.7894233733968464,0.031530997280106735,0.0,0.0,0.0,inf,2.5,50.0,10
6658.294592022709,9.897173545381706,0.8385198100269442,0.01854998878243587,0.0,0.0,0.0,inf,2.5,50.0,10
7860.866631183368,9.176099328446409,0.7709941606126762,0.032105655011784216,0.0,0.0,0.0,inf,2.5,50.0,10
8187.82480927727,8.999118191561582,0.7571576891119386,0.03695920208199849,0.0,0.0,0.0,inf,2.5,50.0,10
8413.422477056822,8.88107663459758,0.7544717454296291,0.04093816172290628,0.0,0.0,0.0,inf,2.5,50.0,10
6877.644102514476,9.75640662239307,0.8385322443355614,0.01989789347456973,0.0,0.0,0.0,inf,2.5,50.0,10
7410.029047918582,9.432604504154346,0.7814215321425717,0.030160867386539086,0.0,0.0,0.0,inf,2.5,50.0,10
8351.327317301333,8.913248553521479,0.7672676064696177,0.04016612471699692,0.0,0.0,0.0,inf,2.5,50.0,10
8609.64292511411,8.78095220897219,0.7385428324700354,0.04352332868711763,0.0,0.0,0.0,inf,2.5,50.0,10
6706.004467669876,9.866165224396292,0.8270838420128074,0.023838934910517914,0.0,0.0,0.0,inf,2.5,50.0,10
8742.880001935453,8.71425843231538,0.7317350088307415,0.04952419384679607,0.0,0.0,0.0,inf,2.5,50.0,10
7270.635328462444,9.515079984834573,0.7712601908104844,0.040065426370653294,0.0,0.0,0.0,inf,2.5,50.0,10
8216.115562652216,8.984138217259607,0.7452742528877908,0.04564194134281302,0.0,0.0,0.0,inf,2.5,50.0,10
8596.665231205949,8.787503459675941,0.7472810240972572,0.042019592418941924,0.0,0.0,0.0,inf,2.5,50.0,10
9677.992935597813,8.272950601062586,0.7190365312170293,0.04522082605619074,0.0,0.0,0.0,inf,2.5,50.0,10
8219.567184400252,8.982314112567522,0.7553213013118988,0.042152319030535436,0.0,0.0,0.0,inf,2.5,50.0,10
8436.04214448154,8.869416201620005,0.7384481562173619,0.04450823431038557,0.0,0.0,0.0,inf,2.5,50.0,10
9320.832744633151,8.43625645912757,0.6926180910258679,0.058583679362868214,0.0,0.0,0.0,inf,2.5,50.0,10
8766.39663876389,8.702592442956384,0.7341146471061487,0.05237036548636839,0.0,0.0,0.0,inf,2.5,50.0,10
9551.613312688505,8.330036286953593,0.6984758384832976,0.05294502755821908,0.0,0.0,0.0,inf,2.5,50.0,10
8062.078240673538,9.066333522992164,0.7526033825424173,0.041056519897789696,0.0,0.0,0.0,inf,2.5,50.0,10
9330.304027354397,8.43184565433187,0.7280684708886025,0.043199347584909197,0.0,0.0,0.0,inf,2.5,50.0,10
9033.148852437864,8.572411940695916,0.6861637292037381,0.0666953077735295,0.0,0.0,0.0,inf,2.5,50.0,10
8759.571103691876,8.70597518610785,0.7403324062790274,0.05104137375783585,0.0,0.0,0.0,inf,2.5,50.0,10
9420.012515927163,8.390288810480168,0.7154389730894294,0.04733977810356548,0.0,0.0,0.0,inf,2.5,50.0,10
7953.955581361591,9.124971995163419,0.7651279137560668,0.03682124990671264,0.0,0.0,0.0,inf,2.5,50.0,10
7762.055482976081,9.231036181268577,0.7836821658498933,0.0285342626688455,0.0,0.0,0.0,inf,2.5,50.0,10
9012.034773632684,8.582575020540606,0.718875388872724,0.05224793571027181,0.0,0.0,0.0,inf,2.5,50.0,10
8144.486669569846,9.02216644058702,0.7674561759896796,0.03839397378953064,0.0,0.0,0.0,inf,2.5,50.0,10
8370.918291640457,8.903072580578392,0.7604510040214707,0.03878726708249043,0.0,0.0,0.0,inf,2.5,50.0,10
8782.690424347995,8.694527860250252,0.7439293319936175,0.03826274239949754,0.0,0.0,0.0,inf,2.5,50.0,10
8767.99580651925,8.70180027438153,0.7388523515714731,0.04624782473361134,0.0,0.0,0.0,inf,2.5,50.0,10
8750.439638070353,8.710504875494243,0.7366095267215015,0.0429464000918402,0.0,0.0,0.0,inf,2.5,50.0,10
9197.65921517395,8.494030464878223,0.7326322119598834,0.05106214509280096,0.0,0.0,0.0,inf,2.5,50.0,10
7327.617280366446,9.481175827088704,0.785372206381774,0.03270130536307363,0.0,0.0,0.0,inf,2.5,50.0,10
9796.429541459009,8.220125416022912,0.7094550623089868,0.055580772751286776,0.0,0.0,0.0,inf,2.5,50.0,10
8725.49942742859,8.722900665124701,0.7611013532420117,0.04153538670191821,0.0,0.0,0.0,inf,2.5,50.0,10
9301.491927549556,8.44527747374616,0.7047644171617481,0.050214427118570236,0.0,0.0,0.0,inf,2.5,50.0,10
8505.211061111917,8.833952655484921,0.7661410835569421,0.037040023663883315,0.0,0.0,0.0,inf,2.5,50.0,10
9560.457928097934,8.326016661981829,0.6846039904232841,0.05682418013372984,0.0,0.0,0.0,inf,2.5,50.0,10
7469.753439460654,9.397740939452708,0.8154675767325061,0.025466389037609182,0.0,0.0,0.0,inf,2.5,50.0,10
7328.461573200432,9.480675458984821,0.7832020233082302,0.039970209518482014,0.0,0.0,0.0,inf,2.5,50.0,10
9721.28880179352,8.253565154474906,0.7236129328575507,0.047858440196166634,0.0,0.0,0.0,inf,2.5,50.0,10
8210.58973242367,8.987060090664658,0.743003982443672,0.04904504125845127,0.0,0.0,0.0,inf,2.5,50.0,10
8769.501056434574,8.701054761223268,0.7205895087178676,0.05572903570413767,0.0,0.0,0.0,inf,2.5,50.0,10
8329.113256237802,8.924815933653198,0.7621139961182263,0.03499591628694624,0.0,0.0,0.0,inf,2.5,50.0,10
8222.396122643184,8.980819653228657,0.7757158203408621,0.032293517951514444,0.0,0.0,0.0,inf,2.5,50.0,10
8284.489637263916,8.948146018297752,0.7305668259309032,0.05241002283342648,0.0,0.0,0.0,inf,2.5,50.0,10
6471.278769697263,10.020902521083642,0.8432497968500399,0.012336624888822749,0.0,0.0,0.0,inf,2.5,50.0,10
8879.98970984339,8.646678983506632,0.7576294960229838,0.036717349045623106,0.0,0.0,0.0,inf,2.5,50.0,10
7813.951162078031,9.202096683515917,0.7487689869378082,0.049879338718860265,0.0,0.0,0.0,inf,2.5,50.0,10
10520.81971258528,7.910307823825358,0.6731905179478895,0.06469070747048973,0.0,0.0,0.0,inf,2.5,50.0,10
9566.90200158062,8.32309035571616,0.6890770493855247,0.06300601059310346,0.0,0.0,0.0,inf,2.5,50.0,10
9336.226593119465,8.429089772407066,0.6956225075685126,0.060436297222985,0.0,0.0,0.0,inf,2.5,50.0,10
11417.00220964178,7.555282757601992,0.6281937568284267,0.0679612627608975,0.0,0.0,0.0,inf,2.5,50.0,10
10575.588458250673,7.88775818668511,0.6680061265014907,0.0650024194861765,0.0,0.0,0.0,inf,2.5,50.0,10
9666.57357139401,8.278078002015022,0.6737907342490506,0.05857683210922129,0.0,0.0,0.0,inf,2.5,50.0,10
9127.264673150434,8.527397164490726,0.6809336666228608,0.0659371087814515,0.0,0.0,0.0,inf,2.5,50.0,10
9602.320623860905,8.307041577924787,0.6874920411251219,0.06216877781649076,0.0,0.0,0.0,inf,2.5,50.0,10
8414.088063095756,8.880733077725752,0.7564087670283022,0.0375001172962746,0.0,0.0,0.0,inf,2.5,50.0,10
9403.14380413219,8.398072829574538,0.6696713501105505,0.07005426664296441,0.0,0.0,0.0,inf,2.5,50.0,10
9604.604312833664,8.306008832155026,0.6981079433540309,0.05125207334974112,0.0,0.0,0.0,inf,2.5,50.0,10
9392.788938888083,8.402857972565638,0.6975557633141232,0.05306266778122576,0.0,0.0,0.0,inf,2.5,50.0,10
9383.263737681651,8.407264375497189,0.7014835050272873,0.0663482775284487,0.0,0.0,0.0,inf,2.5,50.0,10
8485.961161916743,8.843793210880138,0.7214201076501952,0.05506195700917657,0.0,0.0,0.0,inf,2.5,50.0,10
8658.470573055274,8.756391755876272,0.7361539374253914,0.04144496392385811,0.0,0.0,0.0,inf,2.5,50.0,10
9639.68384380897,8.290175704444135,0.6823804182456922,0.06578528969591008,0.0,0.0,0.0,inf,2.5,50.0,10
8968.945258947437,8.603389875174798,0.6829176619589459,0.05687664997994631,0.0,0.0,0.0,inf,2.5,50.0,10
8069.483347042789,9.062346311906023,0.769723719080727,0.036399037385115206,0.0,0.0,0.0,inf,2.5,50.0,10
9951.096998435509,8.152094013175423,0.635785888318175,0.07087870551533684,0.0,0.0,0.0,inf,2.5,50.0,10
8362.178593893646,8.90760922179436,0.7602268078652072,0.03709691904240803,0.0,0.0,0.0,inf,2.5,50.0,10
11200.81306753117,7.638308115972173,0.6573117486764735,0.06581962706124084,0.0,0.0,0.0,inf,2.5,50.0,10
8888.012322381897,8.642757128267785,0.7133145329040582,0.05569423292406897,0.0,0.0,0.0,inf,2.5,50.0,10
8616.278721310946,8.777606216957333,0.7517631909523749,0.046774085629465535,0.0,0.0,0.0,inf,2.5,50.0,10
9782.464121546427,8.226320971235065,0.6556129269520594,0.06907415669905889,0.0,0.0,0.0,inf,2.5,50.0,10
9206.477443912196,8.489868674031747,0.6953786760830695,0.06069054635746317,0.0,0.0,0.0,inf,2.5,50.0,10
10896.46094417832,7.757948943022375,0.6700283188424095,0.0652409132206914,0.0,0.0,0.0,inf,2.5,50.0,10
9556.61115143304,8.327764454903718,0.6975715113319858,0.06391331748133774,0.0,0.0,0.0,inf,2.5,50.0,10
8636.535797809713,8.76740783387511,0.7525182533114865,0.0400689880306422,0.0,0.0,0.0,inf,2.5,50.0,10
8556.390138868728,8.8078978233927,0.7232978013517116,0.05151907741419398,0.0,0.0,0.0,inf,2.5,50.0,10
7942.195400074193,9.131397931576656,0.7859149099982305,0.0344289060643142,0.0,0.0,0.0,inf,2.5,50.0,10
8782.15180400316,8.694794210315495,0.7207335296597489,0.05106465022599067,0.0,0.0,0.0,inf,2.5,50.0,10
11647.761584490572,7.468378882876703,0.5983211005156505,0.08155901347187552,0.0,0.0,0.0,inf,2.5,50.0,10
9196.658408735342,8.494503050731154,0.7025741797279637,0.05514566007374384,0.0,0.0,0.0,inf,2.5,50.0,10
9558.285285721198,8.327003721213572,0.7027288965985569,0.055215211037221705,0.0,0.0,0.0,inf,2.5,50.0,10
10762.4189609845,7.811704665506596,0.6419781432827507,0.0724155364620937,0.0,0.0,0.0,inf,2.5,50.0,10
10162.15065886034,8.060947316175191,0.6848395289050692,0.05732800795288763,0.0,0.0,0.0,inf,2.5,50.0,10
11207.77740681602,7.635608638535287,0.6354114203599635,0.07308589243769169,0.0,0.0,0.0,inf,2.5,50.0,10
11848.393880743859,7.394208776952171,0.6027383523827162,0.0779578251385648,0.0,0.0,0.0,inf,2.5,50.0,10
7208.5658779697105,9.552314891075948,0.7904172978388188,0.0369223336346738,0.0,0.0,0.0,inf,2.5,50.0,10
9497.806390219512,8.35457048487389,0.6817261853378217,0.05790129545627709,0.0,0.0,0.0,inf,2.5,50.0,10
10282.799648392767,8.009689868396423,0.6708373724748763,0.06326017091105963,0.0,0.0,0.0,inf,2.5,50.0,10
9542.653570103708,8.334112030812552,0.6688247569134164,0.07676015983077294,0.0,0.0,0.0,inf,2.5,50.0,10
8900.131030144676,8.636839603746937,0.7027198836981994,0.05558654650649921,0.0,0.0,0.0,inf,2.5,50.0,10
11456.217109401461,7.540391254116746,0.5956901716386391,0.08955014529526409,0.0,0.0,0.0,inf,2.5,50.0,10
10434.485540555797,7.946093192925595,0.6577491868049985,0.0731736562832694,0.0,0.0,0.0,inf,2.5,50.0,10
9006.02964468315,8.585469886939032,0.7164405913260091,0.05766439006661771,0.0,0.0,0.0,inf,2.5,50.0,10
9831.922920598055,8.204418957179659,0.6930973384112838,0.058439763171089565,0.0,0.0,0.0,inf,2.5,50.0,10
9975.445267011823,8.141480707757584,0.6735038877617887,0.07394928346849246,0.0,0.0,0.0,inf,2.5,50.0,10
9779.305269269851,8.227723576589806,0.6890166580020178,0.05843547771000448,0.0,0.0,0.0,inf,2.5,50.0,10
10355.582587377623,7.979058242858446,0.6378083202605097,0.08187765321853244,0.0,0.0,0.0,inf,2.5,50.0,10
9235.094385574426,8.476390224425248,0.6792241688501408,0.06517466643386954,0.0,0.0,0.0,inf,2.5,50.0,10
9430.296172642376,8.385550282446431,0.7049197008147803,0.052631138088133494,0.0,0.0,0.0,inf,2.5,50.0,10
9808.802212867535,8.214643834677869,0.6615494293481561,0.06964523535304862,0.0,0.0,0.0,inf,2.5,50.0,10
8858.028660828051,8.657432797239421,0.6996026359948943,0.056650895451002346,0.0,0.0,0.0,inf,2.5,50.0,10
11403.415009435332,7.5604543078982065,0.6207782872044505,0.07667897893367957,0.0,0.0,0.0,inf,2.5,50.0,10
10470.138368735988,7.931279397066015,0.6578457986384577,0.07400264046554397,0.0,0.0,0.0,inf,2.5,50.0,10
9877.800567732778,8.18420107336318,0.6593017633718091,0.06893948863627146,0.0,0.0,0.0,inf,2.5,50.0,10
10025.227835034919,8.119861096131874,0.6926284785657331,0.05844729855327595,0.0,0.0,0.0,inf,2.5,50.0,10
12676.132497862938,7.100935908427052,0.5936446839053683,0.07724943295128275,0.0,0.0,0.0,inf,2.5,50.0,10
9984.752842696085,8.137430418246089,0.6500728904671259,0.06999006880339534,0.0,0.0,0.0,inf,2.5,50.0,10
9921.764858631312,8.164914306298463,0.6655156510834713,0.0725548794761026,0.0,0.0,0.0,inf,2.5,50.0,10
9493.61731262399,8.35648639527847,0.7159322918389116,0.05349866808616981,0.0,0.0,0.0,inf,2.5,50.0,10
9494.16870695634,8.35623416206317,0.6766158777241322,0.07103504030203489,0.0,0.0,0.0,inf,2.5,50.0,10
10272.46444412187,8.014057141463057,0.6576411845751453,0.07059883274183655,0.0,0.0,0.0,inf,2.5,50.0,10
8990.579780971275,8.592926616199417,0.691067393588061,0.05551502684956104,0.0,0.0,0.0,inf,2.5,50.0,10
9927.145836357478,8.162559588675034,0.6783768723904258,0.06082254651513114,0.0,0.0,0.0,inf,2.5,50.0,10
10866.259495814584,7.770002887129396,0.6159037491006234,0.08896522318323839,0.0,0.0,0.0,inf,2.5,50.0,10
11016.578668085998,7.710336208234601,0.6537480515717423,0.06835142691888084,0.0,0.0,0.0,inf,2.5,50.0,10
10533.691101756423,7.904997822527173,0.65976853903307,0.058453513143330554,0.0,0.0,0.0,inf,2.5,50.0,10
9753.459605490234,8.239216712132528,0.6179846034312532,0.08267408942962462,0.0,0.0,0.0,inf,2.5,50.0,10
9561.331349494363,8.325619918677523,0.6534144911251324,0.07066790239269131,0.0,0.0,0.0,inf,2.5,50.0,10
9317.029854357188,8.438028737763364,0.6917803495426208,0.05701891692919859,0.0,0.0,0.0,inf,2.5,50.0,10
10267.056241028371,8.016344198547595,0.6565294318630093,0.07544921522436605,0.0,0.0,0.0,inf,2.5,50.0,10
8774.776551991097,8.698442948152715,0.6972181995240201,0.053437445654543794,0.0,0.0,0.0,inf,2.5,50.0,10
10771.85247012145,7.807899641279663,0.6224169052692665,0.08628853011069207,0.0,0.0,0.0,inf,2.5,50.0,10
10120.958210351446,8.078587292170894,0.6584560940285162,0.061285384692188936,0.0,0.0,0.0,inf,2.5,50.0,10
10755.12817535201,7.814647703641972,0.6095346498050515,0.08709170522126994,0.0,0.0,0.0,inf,2.5,50.0,10
11294.005016048128,7.602323845821962,0.6325318913066764,0.07967053057302237,0.0,0.0,0.0,inf,2.5,50.0,10
10556.46673440751,7.895617773781945,0.6482852290625051,0.07241311769042875,0.0,0.0,0.0,inf,2.5,50.0,10
10198.442863824777,8.045464937405475,0.6703775981317214,0.07355475064056133,0.0,0.0,0.0,inf,2.5,50.0,10
11705.530297898422,7.446892674628466,0.58177970198547,0.07947612711215768,0.0,0.0,0.0,inf,2.5,50.0,10
10856.218867437621,7.774017705085785,0.6068279417260438,0.09199495904058036,0.0,0.0,0.0,inf,2.5,50.0,10
10154.873147207303,8.064058582193523,0.6558895868900688,0.07330334981706085,0.0,0.0,0.0,inf,2.5,50.0,10
10905.1236109095,7.7544976814423725,0.6061232914282718,0.08582325018288305,0.0,0.0,0.0,inf,2.5,50.0,10
10622.731504330575,7.868441562950862,0.6143018236034236,0.08967084440167944,0.0,0.0,0.0,inf,2.5,50.0,10
11327.464782826084,7.589476402394258,0.6109068925465037,0.07667409374579902,0.0,0.0,0.0,inf,2.5,50.0,10
10434.229335010725,7.946199829731099,0.6480670933621862,0.079553705705258,0.0,0.0,0.0,inf,2.5,50.0,10
10590.427315688457,7.881668769548112,0.6471471014506937,0.0807031186874856,0.0,0.0,0.0,inf,2.5,50.0,10
10804.134997822615,7.794903588027799,0.5936327817749327,0.0895219814817922,0.0,0.0,0.0,inf,2.5,50.0,10
11335.646070224673,7.586340832745895,0.611419894906018,0.08531077839210863,0.0,0.0,0.0,inf,2.5,50.0,10
10560.0110482089,7.894159882976121,0.6325508763144335,0.07311105848003809,0.0,0.0,0.0,inf,2.5,50.0,10
9893.355816841664,8.177367320076211,0.6432510601721712,0.07992645422367062,0.0,0.0,0.0,inf,2.5,50.0,10
11643.509024047999,7.469964767636475,0.6275547359216218,0.07040401674013032,0.0,0.0,0.0,inf,2.5,50.0,10
10897.41675134272,7.757568008722084,0.6329847025216814,0.0766550062988791,0.0,0.0,0.0,inf,2.5,50.0,10
9355.493604941856,8.420136546281183,0.7067764929438852,0.0549295200214467,0.0,0.0,0.0,inf,2.5,50.0,10
11589.38596151675,7.490199344461077,0.6153036647864973,0.08523584581697949,0.0,0.0,0.0,inf,2.5,50.0,10
10059.278801954808,8.105135156906426,0.6545763599326268,0.07206571761566362,0.0,0.0,0.0,inf,2.5,50.0,10
7922.628764052192,9.142110544933734,0.7630360796290135,0.03758382070434655,0.0,0.0,0.0,inf,2.5,50.0,10
10186.206383768003,8.050678896537494,0.6486299225214033,0.07659720402266365,0.0,0.0,0.0,inf,2.5,50.0,10
9314.501120949662,8.43920761562723,0.6996161953677046,0.05575024846513249,0.0,0.0,0.0,inf,2.5,50.0,10
10883.59194206545,7.763081104348898,0.6293353963328292,0.07789179503229557,0.0,0.0,0.0,inf,2.5,50.0,10
11275.549458879696,7.6094264657997615,0.618647526814442,0.0754676421277814,0.0,0.0,0.0,inf,2.5,50.0,10
10060.468476314898,8.104621562969776,0.6510447985245313,0.07445108583976066,0.0,0.0,0.0,inf,2.5,50.0,10
10984.104643473493,7.723156991786667,0.5979525313142149,0.08148632349735965,0.0,0.0,0.0,inf,2.5,50.0,10
11307.20651279818,7.597250367494372,0.5990624385676051,0.07365057338187234,0.0,0.0,0.0,inf,2.5,50.0,10
9955.474685892163,8.150183884634238,0.6677018192429021,0.07132632918852992,0.0,0.0,0.0,inf,2.5,50.0,10
11249.584200254834,7.619438902313817,0.5925378281116385,0.09157181988295292,0.0,0.0,0.0,inf,2.5,50.0,10
11620.460911920776,7.478570066919117,0.585020953778727,0.08792271498198381,0.0,0.0,0.0,inf,2.5,50.0,10
11064.447283108337,7.691506369463931,0.6045470703308922,0.0874848260785545,0.0,0.0,0.0,inf,2.5,50.0,10
10031.28888243738,8.117236234039764,0.5800923280626673,0.10024648921705523,0.0,0.0,0.0,inf,2.5,50.0,10
10269.585651844325,8.015274394466557,0.6623462675577019,0.07357028075691852,0.0,0.0,0.0,inf,2.5,50.0,10
10211.220512572378,8.04002705931268,0.6148119461737523,0.09194130091502584,0.0,0.0,0.0,inf,2.5,50.0,10
9848.731714004613,8.197000537280081,0.66407393783804,0.06824061035104573,0.0,0.0,0.0,inf,2.5,50.0,10
10126.129578555185,8.076368803520058,0.6744873661277935,0.0653060659440186,0.0,0.0,0.0,inf,2.5,50.0,10
10911.363736068774,7.752013274164646,0.6204961373415869,0.0909241340089434,0.0,0.0,0.0,inf,2.5,50.0,10
11801.555281366429,7.411411157985807,0.583143671848924,0.09322645814552102,0.0,0.0,0.0,inf,2.5,50.0,10
9024.245786358284,8.576694455267962,0.6974987469332505,0.05870990765084403,0.0,0.0,0.0,inf,2.5,50.0,10
10461.229786616344,7.934976191524015,0.6815148220899533,0.0582980265363956,0.0,0.0,0.0,inf,2.5,50.0,10
10641.588038902599,7.8607391852261745,0.6564376678485686,0.06448403157683635,0.0,0.0,0.0,inf,2.5,50.0,10
13694.609893388817,6.765306954762977,0.5488261963498944,0.10840976647844607,0.0,0.0,0.0,inf,2.5,50.0,10
10422.44654118482,7.951106846472183,0.6546311227330048,0.06952106509422808,0.0,0.0,0.0,inf,2.5,50.0,10
12138.303914452992,7.289223538695378,0.5863004821828212,0.09140080423379175,0.0,0.0,0.0,inf,2.5,50.0,10
11086.758052289479,7.682757908987679,0.5957109568759421,0.08821285406861729,0.0,0.0,0.0,inf,2.5,50.0,10
10927.598909695005,7.745556147302109,0.5889582316884018,0.09353485999654998,0.0,0.0,0.0,inf,2.5,50.0,10
11730.289285656683,7.437716382992518,0.5618195680540148,0.09870714919656813,0.0,0.0,0.0,inf,2.5,50.0,10
9555.329817261012,8.328346788599843,0.6946486459116531,0.06297811983137207,0.0,0.0,0.0,inf,2.5,50.0,10
11662.622748020192,7.462841331802523,0.6074549603264235,0.08939640253285444,0.0,0.0,0.0,inf,2.5,50.0,10
9943.763471556911,8.155295755057775,0.6238268351230494,0.09156325680803756,0.0,0.0,0.0,inf,2.5,50.0,10
9876.415428783406,8.184810116216083,0.6395972349779578,0.07583001936557941,0.0,0.0,0.0,inf,2.5,50.0,10
10394.341929968872,7.962833616910401,0.6354348525410157,0.08220750835020157,0.0,0.0,0.0,inf,2.5,50.0,10
11589.458137771971,7.490172297599523,0.6100993743992588,0.09036129402369636,0.0,0.0,0.0,inf,2.5,50.0,10
11481.86230867244,7.530680263960833,0.6063362697298553,0.09339834546581091,0.0,0.0,0.0,inf,2.5,50.0,10
11043.952581409978,7.699558275942918,0.5964717789081913,0.09574673820628862,0.0,0.0,0.0,inf,2.5,50.0,10
9765.208819212594,8.233988261921079,0.6340396923082423,0.08612313482761869,0.0,0.0,0.0,inf,2.5,50.0,10
11569.986903437042,7.497474935123789,0.5923241140185239,0.08867208726757142,0.0,0.0,0.0,inf,2.5,50.0,10
11761.494669440815,7.4261784478743,0.574666481526027,0.09887379594604773,0.0,0.0,0.0,inf,2.5,50.0,10
10840.84348639538,7.780172864851329,0.6238896520167525,0.08214501427247951,0.0,0.0,0.0,inf,2.5,50.0,10
11457.952500766116,7.539733433294194,0.6010610471101389,0.09885899769338678,0.0,0.0,0.0,inf,2.5,50.0,10
11985.30907566007,7.344311228217344,0.5381196907064545,0.09692709161791246,0.0,0.0,0.0,inf,2.5,50.0,10
10771.796938759053,7.807922030210902,0.6408456363952143,0.08382885664587647,0.0,0.0,0.0,inf,2.5,50.0,10
9869.009870808535,8.188067775208891,0.6891735969880852,0.05817421235219973,0.0,0.0,0.0,inf,2.5,50.0,10
10852.974677827777,7.775315711530247,0.6213743641609974,0.07320313553970986,0.0,0.0,0.0,inf,2.5,50.0,10
10278.636925210883,8.011448352270651,0.6322249787207727,0.08200830038959851,0.0,0.0,0.0,inf,2.5,50.0,10
10363.48326639893,7.975746103698539,0.6111323799154749,0.08863602981274261,0.0,0.0,0.0,inf,2.5,50.0,10
10545.627667295688,7.900079271640897,0.6234617065540596,0.08675110398902637,0.0,0.0,0.0,inf,2.5,50.0,10
11472.036305866035,7.534398481184245,0.594731561226866,0.09359014590266054,0.0,0.0,0.0,inf,2.5,50.0,10
10433.49271785939,7.946506436042435,0.593210852235808,0.10094839260417302,0.0,0.0,0.0,inf,2.5,50.0,10
11014.11125627006,7.71130901784193,0.6195167145443662,0.08791080884488023,0.0,0.0,0.0,inf,2.5,50.0,10
11416.556781342237,7.555452198601246,0.6009331704934223,0.09196855884356431,0.0,0.0,0.0,inf,2.5,50.0,10
11280.828373735907,7.6073936893926986,0.609096536685331,0.08635910556935372,0.0,0.0,0.0,inf,2.5,50.0,10
11207.45134755891,7.635734986330083,0.6172023418529293,0.08442876002975624,0.0,0.0,0.0,inf,2.5,50.0,10
11173.201948355672,7.649027124407555,0.6105674022430204,0.08057655115294954,0.0,0.0,0.0,inf,2.5,50.0,10
13211.498024225415,6.9212829671520755,0.5247843922511688,0.09616759526804691,0.0,0.0,0.0,inf,2.5,50.0,10
11164.123739939678,7.652557194293915,0.6035825223877748,0.09436959454686486,0.0,0.0,0.0,inf,2.5,50.0,10
10237.107756326512,8.029030861508598,0.6585977089245201,0.07361143211906711,0.0,0.0,0.0,inf,2.5,50.0,10
10772.663763487686,7.80757256015284,0.5940579833958647,0.09847024279409196,0.0,0.0,0.0,inf,2.5,50.0,10
11885.832986564732,7.380507373790812,0.5660475098307816,0.09776249957269248,0.0,0.0,0.0,inf,2.5,50.0,10
11153.46949242754,7.656703771576407,0.5755979372733134,0.0992190370459067,0.0,0.0,0.0,inf,2.5,50.0,10
11372.660860308704,7.572182724553568,0.5813368777881853,0.09568835168870538,0.0,0.0,0.0,inf,2.5,50.0,10
10126.234044612183,8.076323999829045,0.6468683677258672,0.08050284421254691,0.0,0.0,0.0,inf,2.5,50.0,10
11584.098401638683,7.492181228653929,0.5897567423153947,0.09443452361794716,0.0,0.0,0.0,inf,2.5,50.0,10
12769.500508056322,7.069064511407119,0.549992247656653,0.09668775498606734,0.0,0.0,0.0,inf,2.5,50.0,10
12594.178093901712,7.129105305129585,0.5429116525454476,0.1047048135469884,0.0,0.0,0.0,inf,2.5,50.0,10
11136.467831164013,7.663328939691211,0.5939002169625401,0.09481361903066418,0.0,0.0,0.0,inf,2.5,50.0,10
11454.81185787326,7.540924004510473,0.6176505514642958,0.0895041753641403,0.0,0.0,0.0,inf,2.5,50.0,10
13193.853663650587,6.927086979660936,0.5613673932043692,0.09615265910900614,0.0,0.0,0.0,inf,2.5,50.0,10
10144.206496669409,8.068622796903398,0.6263923496587062,0.0848507937573302,0.0,0.0,0.0,inf,2.5,50.0,10
12427.777197141982,7.186869021651754,0.5807323385998102,0.10411164743762277,0.0,0.0,0.0,inf,2.5,50.0,10
11335.072821406106,7.586560463009854,0.6236690684813055,0.08685273495482831,0.0,0.0,0.0,inf,2.5,50.0,10
9884.884501862873,8.181087616235473,0.6142117940257984,0.09750049082806676,0.0,0.0,0.0,inf,2.5,50.0,10
11825.158707117627,7.402733826916434,0.5656600784390251,0.09546403906640316,0.0,0.0,0.0,inf,2.5,50.0,10
9644.38909049854,8.288056377556307,0.6616584445388539,0.07107226199925719,0.0,0.0,0.0,inf,2.5,50.0,10
12424.960339349365,7.187853497345093,0.5409328493241469,0.10520954787739185,0.0,0.0,0.0,inf,2.5,50.0,10
10622.535346204093,7.868521760006059,0.6127499687679823,0.08576784607162452,0.0,0.0,0.0,inf,2.5,50.0,10
12643.999451621748,7.11195892535994,0.5463335016576675,0.1051628882126175,0.0,0.0,0.0,inf,2.5,50.0,10
11370.393477524556,7.5730486696638,0.5856513460607377,0.0981854778804719,0.0,0.0,0.0,inf,2.5,50.0,10
10728.091611425622,7.82557887395849,0.6005172703609284,0.09566676852228848,0.0,0.0,0.0,inf,2.5,50.0,10
12263.432202706408,7.244683264041704,0.5671323223995238,0.09986830977657515,0.0,0.0,0.0,inf,2.5,50.0,10
11711.534217190045,7.444665692614045,0.5392466568977122,0.11187174155558978,0.0,0.0,0.0,inf,2.5,50.0,10
12199.4477669715,7.26740188978831,0.5735035135837456,0.09768080359477149,0.0,0.0,0.0,inf,2.5,50.0,10
11517.59392590442,7.517185982600441,0.5848125756604042,0.10372134812539753,0.0,0.0,0.0,inf,2.5,50.0,10
12483.685214754601,7.16737551789279,0.5497123674874881,0.11779637461039752,0.0,0.0,0.0,inf,2.5,50.0,10
11515.298608086967,7.518051565474291,0.5838684108979386,0.08611021471944762,0.0,0.0,0.0,inf,2.5,50.0,10
11243.843244463798,7.621655785873393,0.5716874026492553,0.10192089526082279,0.0,0.0,0.0,inf,2.5,50.0,10
11791.905695069434,7.414963635784032,0.5389616509685818,0.10261622994626984,0.0,0.0,0.0,inf,2.5,50.0,10
12457.613022370608,7.1764552484667234,0.5667478145875872,0.10402004901404913,0.0,0.0,0.0,inf,2.5,50.0,10
11545.375235883292,7.506723083938169,0.5640567425661462,0.09815255088476123,0.0,0.0,0.0,inf,2.5,50.0,10
11405.024580248706,7.55984135257446,0.565808703239689,0.10415066761879331,0.0,0.0,0.0,inf,2.5,50.0,10
11667.251528201157,7.461118001712432,0.5824133279810566,0.10605451779767133,0.0,0.0,0.0,inf,2.5,50.0,10
12567.751165303785,7.138227875474277,0.5362412229516649,0.11368208719667894,0.0,0.0,0.0,inf,2.5,50.0,10
10038.343655747489,8.11418301496361,0.614308096104462,0.08794684310611667,0.0,0.0,0.0,inf,2.5,50.0,10
12255.768132772053,7.247398249313877,0.5572589483858864,0.10426955330868262,0.0,0.0,0.0,inf,2.5,50.0,10
11904.817051337881,7.373576351467457,0.5836956844889908,0.10260290909470364,0.0,0.0,0.0,inf,2.5,50.0,10
11880.039176787472,7.3826248804810914,0.546680015919577,0.10701947538319742,0.0,0.0,0.0,inf,2.5,50.0,10
12243.898082288995,7.251606549772193,0.5483229617082194,0.09650090124949753,0.0,0.0,0.0,inf,2.5,50.0,10
10915.607361171595,7.750324553379309,0.5449448416660806,0.11365965599300248,0.0,0.0,0.0,inf,2.5,50.0,10
12153.89613070757,7.283648403962952,0.5770505770136576,0.11089592248544142,0.0,0.0,0.0,inf,2.5,50.0,10
11035.131384977662,7.703028526016707,0.5813958080088234,0.10136361250108152,0.0,0.0,0.0,inf,2.5,50.0,10
11881.158900662893,7.382215566187153,0.5607922448534828,0.10895020816285224,0.0,0.0,0.0,inf,2.5,50.0,10
5320.338284866373,10.871411138021859,0.8805746084200382,0.0,0.01427471775058402,0.0,0.0,inf,2.5,50.0,10
5349.566587635683,10.847617631874256,0.8809252628022108,0.0,0.009201773007510523,0.0,0.0,inf,2.5,50.0,10
5271.749133078499,10.911256255778532,0.8817590422155935,0.0,-0.007700729702148519,0.0,0.0,inf,2.5,50.0,10
5319.696779084208,10.87193482505854,0.8775153200134339,0.0,0.013312148452734183,0.0,0.0,inf,2.5,50.0,10
5272.833809132111,10.910362775535683,0.8811703509105036,0.0,-0.0053327190285024,0.0,0.0,inf,2.5,50.0,10
5444.214948145997,10.771450972111829,0.8784247092427764,0.0,0.015941034104342423,0.0,0.0,inf,2.5,50.0,10
5265.8123256076515,10.916149841467437,0.8816924914251868,0.0,0.0021776290327227147,0.0,0.0,inf,2.5,50.0,10
6058.898227447944,10.30686703243303,0.8631103079868007,0.0,0.057171984762895006,0.0,0.0,inf,2.5,50.0,10
5229.829583393816,10.945928234724372,0.881055479850762,0.0,0.007657956528231419,0.0,0.0,inf,2.5,50.0,10
5605.984887340527,10.644284382166475,0.8724463902159552,0.0,-0.027843820552016365,0.0,0.0,inf,2.5,50.0,10
5381.478976145546,10.821787129136888,0.8807729939467683,0.0,0.011592550478874085,0.0,0.0,inf,2.5,50.0,10
5262.262495766197,10.91907852804389,0.8819221130257875,0.0,-0.006860227874762953,0.0,0.0,inf,2.5,50.0,10
5695.244496056515,10.575679878506943,0.8746471506710406,0.0,0.03468541812704148,0.0,0.0,inf,2.5,50.0,10
5251.91671102079,10.927625307754676,0.8818886007294444,0.0,-0.0014596210722967271,0.0,0.0,inf,2.5,50.0,10
5317.741036434896,10.87353176647417,0.8798895139029262,0.0,-0.006626066365975842,0.0,0.0,inf,2.5,50.0,10
5376.5796680698695,10.825742754737888,0.8780626463312758,0.0,0.01923949955400214,0.0,0.0,inf,2.5,50.0,10
5264.9825486685695,10.916834248581814,0.8814990247051012,0.0,0.005208583025778584,0.0,0.0,inf,2.5,50.0,10
5276.340478379381,10.907475483850977,0.8817810073414131,0.0,0.004985139159977415,0.0,0.0,inf,2.5,50.0,10
5279.3776551991095,10.904976309179805,0.883042055928617,0.0,0.012589602448809275,0.0,0.0,inf,2.5,50.0,10
5286.842760600635,10.8988396690293,0.8823463342239519,0.0,0.00791769055080128,0.0,0.0,inf,2.5,50.0,10
5392.411977226174,10.812972962202554,0.8771413621719344,0.0,-0.02128272650788139,0.0,0.0,inf,2.5,50.0,10
5302.71248850825,10.885822804284636,0.8809492251606676,0.0,-0.011595584579299274,0.0,0.0,inf,2.5,50.0,10
5421.36942952533,10.789713583580799,0.8771337275978504,0.0,-0.01715749323722942,0.0,0.0,inf,2.5,50.0,10
5566.689746939565,10.674833437906997,0.874298447979501,0.0,-0.029288164795907876,0.0,0.0,inf,2.5,50.0,10
5271.600812890115,10.91137844585987,0.8820219881919994,0.0,0.0022079483260605565,0.0,0.0,inf,2.5,50.0,10
5318.247141175142,10.873118455566996,0.8804082613146149,0.0,-0.007284870854668313,0.0,0.0,inf,2.5,50.0,10
5287.729004370897,10.898111713725765,0.8817223366848795,0.0,0.011694789334767504,0.0,0.0,inf,2.5,50.0,10
5602.932501088692,10.646649703441739,0.8757912602953556,0.0,-0.02183795282449524,0.0,0.0,inf,2.5,50.0,10
5316.339671940776,10.874676397377668,0.8793394393943055,0.0,0.015519548744667702,0.0,0.0,inf,2.5,50.0,10
5383.749584684118,10.81995509599813,0.8792062352379103,0.0,0.012048427737524599,0.0,0.0,inf,2.5,50.0,10
5282.064853792681,10.902766316472547,0.8772183187150527,0.0,0.019624925432327623,0.0,0.0,inf,2.5,50.0,10
5255.322220609345,10.924810117039417,0.881631611693902,0.0,0.007857577576181652,0.0,0.0,inf,2.5,50.0,10
5442.796132320446,10.772582933644353,0.8762655529917805,0.0,-0.02450375162967471,0.0,0.0,inf,2.5,50.0,10
5475.559878066483,10.746518283104212,0.8767259741356836,0.0,-0.035758646363790454,0.0,0.0,inf,2.5,50.0,10
5279.823035112337,10.90460994425418,0.8812289924701469,0.0,0.010129022390776352,0.0,0.0,inf,2.5,50.0,10
5288.421864163482,10.897542687831896,0.8820354598774646,0.0,-0.008223188503115583,0.0,0.0,inf,2.5,50.0,10
5279.868050515314,10.904572916767378,0.8813275170734213,0.0,-0.016155969886720967,0.0,0.0,inf,2.5,50.0,10
5255.8810825631845,10.924348303760905,0.8817873582883257,0.0,0.0017639526006264952,0.0,0.0,inf,2.5,50.0,10
5274.531201109659,10.908964951576571,0.8795331718521142,0.0,-0.02061756163144203,0.0,0.0,inf,2.5,50.0,10
5333.790954984597,10.860443703006533,0.8812460261960845,0.0,0.01139284297876752,0.0,0.0,inf,2.5,50.0,10
5309.379864840889,10.880365623863238,0.8821040798127731,0.0,-0.011597214805409841,0.0,0.0,inf,2.5,50.0,10
5775.496895211368,10.5149100614529,0.8685669434342057,0.0,0.04034659354990215,0.0,0.0,inf,2.5,50.0,10
5839.471911743359,10.46706787075008,0.8597302942625,0.0,0.046384936072926056,0.0,0.0,inf,2.5,50.0,10
5313.083724456057,10.877337012196502,0.8798605986657322,0.0,0.007772752000020637,0.0,0.0,inf,2.5,50.0,10
5307.964694117837,10.8815233537197,0.8812231948671432,0.0,0.006968740441369154,0.0,0.0,inf,2.5,50.0,10
5378.327543104144,10.824331134025185,0.8772894956888446,0.0,0.030765686488686207,0.0,0.0,inf,2.5,50.0,10
5270.949145981516,10.911915346977548,0.8818518737370774,0.0,0.003608913764614495,0.0,0.0,inf,2.5,50.0,10
5461.148126643118,10.757964044914443,0.8760836304333028,0.0,0.04159123270669487,0.0,0.0,inf,2.5,50.0,10
5997.511862711892,10.351092452192516,0.8640689522018108,0.0,0.04595814719838971,0.0,0.0,inf,2.5,50.0,10
5621.625473782681,10.632184523762131,0.8685742890047929,0.0,0.04181943443814413,0.0,0.0,inf,2.5,50.0,10
5571.057789390494,10.671426973854494,0.8673785077364977,0.0,0.0443460825917259,0.0,0.0,inf,2.5,50.0,10
5643.726923759295,10.615143689630631,0.8699423625174525,0.0,0.035821629070693625,0.0,0.0,inf,2.5,50.0,10
5250.970532733343,10.928407797370546,0.8817524426781296,0.0,-0.003020225044498063,0.0,0.0,inf,2.5,50.0,10
5387.904549926614,10.816604675451273,0.8787968165502875,0.0,-0.010709042521928069,0.0,0.0,inf,2.5,50.0,10
5259.381493846873,10.921456869809534,0.8816291108022498,0.0,0.0076726591491876935,0.0,0.0,inf,2.5,50.0,10
5310.918710988532,10.87910706716575,0.8814653665750861,0.0,-0.006108618260518686,0.0,0.0,inf,2.5,50.0,10
5446.5222818986795,10.769610761829412,0.8764287326805045,0.0,0.017033259038373952,0.0,0.0,inf,2.5,50.0,10
5397.836518765826,10.808606336805802,0.8785938488308626,0.0,0.022386430809329994,0.0,0.0,inf,2.5,50.0,10
5650.256173287527,10.61012222407216,0.8757306751018862,0.0,0.02546186272111363,0.0,0.0,inf,2.5,50.0,10
5756.405025725391,10.529290171861838,0.8688813414507895,0.0,0.035089250481616374,0.0,0.0,inf,2.5,50.0,10
5267.7620522249645,10.914542114611546,0.8809962081753665,0.0,-0.005589046603878885,0.0,0.0,inf,2.5,50.0,10
5845.889017919066,10.462297946913193,0.8705220265896241,0.0,0.03930755199688006,0.0,0.0,inf,2.5,50.0,10
6206.315865873131,10.20246485959619,0.8574307532723731,0.0,0.05659155704084548,0.0,0.0,inf,2.5,50.0,10
5355.7912936888115,10.842567159344567,0.878140121737087,0.0,-0.014532500297493627,0.0,0.0,inf,2.5,50.0,10
5762.508959532911,10.524687472298277,0.8691266618756252,0.0,0.042979710977787,0.0,0.0,inf,2.5,50.0,10
5548.986467960194,10.68866695145001,0.873238221363778,0.0,0.033724215109433284,0.0,0.0,inf,2.5,50.0,10
5581.601587071176,10.66321527409623,0.8768071700450764,0.0,0.033629695706910157,0.0,0.0,inf,2.5,50.0,10
5360.919743229948,10.838410552902946,0.8828269813946531,0.0,0.01855773809507715,0.0,0.0,inf,2.5,50.0,10
5307.31265624748,10.882056879957586,0.8796969635117246,0.0,-0.013256822586671765,0.0,0.0,inf,2.5,50.0,10
5633.489734036548,10.623028536331617,0.8717983249546112,0.0,0.028746603674978013,0.0,0.0,inf,2.5,50.0,10
5280.264527991484,10.904246807262787,0.8812797019610614,0.0,0.009225511742907718,0.0,0.0,inf,2.5,50.0,10
5617.212028838245,10.635595436827888,0.874628839289731,0.0,0.02851584319129744,0.0,0.0,inf,2.5,50.0,10
5262.354849115337,10.919002309501014,0.8816814770239318,0.0,0.004452160302838588,0.0,0.0,inf,2.5,50.0,10
5378.884308317608,10.823881575043771,0.8803696876888326,0.0,0.019296888827774965,0.0,0.0,inf,2.5,50.0,10
5391.349526620538,10.813828723778236,0.8798418614250845,0.0,0.00984632495177468,0.0,0.0,inf,2.5,50.0,10
5767.6722633505915,10.520797863864633,0.8739499934390238,0.0,0.03329462524001984,0.0,0.0,inf,2.5,50.0,10
6056.864873147208,10.30832476077176,0.8592032578643581,0.0,0.054194117091287325,0.0,0.0,inf,2.5,50.0,10
6125.570087579233,10.259338475262815,0.8581422766885342,0.0,0.05249138970225497,0.0,0.0,inf,2.5,50.0,10
5508.483330914018,10.720483213056015,0.8772631373576592,0.0,0.03649136836774587,0.0,0.0,inf,2.5,50.0,10
5916.148449218561,10.410412979995122,0.8624376144752861,0.0,0.04606580300501749,0.0,0.0,inf,2.5,50.0,10
5632.157545846035,10.624055662369418,0.8720282247710504,0.0,0.030409364657838098,0.0,0.0,inf,2.5,50.0,10
5815.252092708182,10.485118146153072,0.8678414477074162,0.0,0.04577398948351672,0.0,0.0,inf,2.5,50.0,10
6790.573055273302,9.811739350054532,0.8468484372150278,0.0,0.071891997389546,0.0,0.0,inf,2.5,50.0,10
5815.277043918646,10.485099512137552,0.8596606222052304,0.0,0.05031418138688518,0.0,0.0,inf,2.5,50.0,10
5900.300753213658,10.422062115762492,0.8602342380066222,0.0,0.06189679365704204,0.0,0.0,inf,2.5,50.0,10
6032.834163965097,10.32558973669316,0.8637319541435943,0.0,0.06330501882297537,0.0,0.0,inf,2.5,50.0,10
5736.250495959743,10.544522526158254,0.8673592647470955,0.0,0.03987400439728905,0.0,0.0,inf,2.5,50.0,10
5921.276785858293,10.406649985257522,0.867487730579878,0.0,0.05146690606756388,0.0,0.0,inf,2.5,50.0,10
5912.417686811503,10.413152533651537,0.8693122151840734,0.0,0.03957932475197107,0.0,0.0,inf,2.5,50.0,10
6253.238092933985,10.16975396047972,0.8559464848960419,0.0,0.05938442729193569,0.0,0.0,inf,2.5,50.0,10
6242.485959903873,10.177227866235608,0.8536427984657597,0.0,0.054588253034608694,0.0,0.0,inf,2.5,50.0,10
5408.97919388397,10.799650499747017,0.8796478338368559,0.0,0.01478975537588166,0.0,0.0,inf,2.5,50.0,10
5892.718423896389,10.427646714899936,0.8638434646091271,0.0,0.05512790672499701,0.0,0.0,inf,2.5,50.0,10
5595.849341139659,10.65214347541417,0.8750189692753579,0.0,0.02253337493793598,0.0,0.0,inf,2.5,50.0,10
5434.637151013693,10.779098075832243,0.8794589482870597,0.0,0.019847966997133735,0.0,0.0,inf,2.5,50.0,10
5762.379090659828,10.524785349752197,0.8710422902630348,0.0,0.0407349914426879,0.0,0.0,inf,2.5,50.0,10
5868.010419186788,10.445894845665851,0.8563552542597369,0.0,0.05728008312352292,0.0,0.0,inf,2.5,50.0,10
5724.152803987033,10.55369142306618,0.8766112339662984,0.0,0.03932093810966002,0.0,0.0,inf,2.5,50.0,10
5495.36783277689,10.730835936081673,0.8791758348856648,0.0,0.03082585011844657,0.0,0.0,inf,2.5,50.0,10
6132.16756181352,10.25466347402999,0.8552104466270593,0.0,0.059399380455045454,0.0,0.0,inf,2.5,50.0,10
5431.397735520395,10.781687539845015,0.8766545962640607,0.0,0.022205371568339585,0.0,0.0,inf,2.5,50.0,10
6070.947484717988,10.298238847394575,0.8673781433201937,0.0,0.04398612023836274,0.0,0.0,inf,2.5,50.0,10
5567.463524781859,10.67422980431319,0.860218441954355,0.0,0.05846721348604663,0.0,0.0,inf,2.5,50.0,10
6626.148352445928,9.91819205819495,0.8502563798974719,0.0,0.07541171465770001,0.0,0.0,inf,2.5,50.0,10
6085.884663150594,10.287566433143615,0.8648784888656132,0.0,0.051767760404706084,0.0,0.0,inf,2.5,50.0,10
6047.062918340027,10.315358735013058,0.8507537474336295,0.0,0.07136867431350764,0.0,0.0,inf,2.5,50.0,10
5826.34534926856,10.476841375559147,0.868414351627579,0.0,0.0444427658532941,0.0,0.0,inf,2.5,50.0,10
5952.204383800261,10.384025254885758,0.8668708477811711,0.0,0.05113086045792853,0.0,0.0,inf,2.5,50.0,10
6414.98811309495,10.05884504899294,0.8572158909781484,0.0,0.04991063189091383,0.0,0.0,inf,2.5,50.0,10
6546.969371461751,9.97040051691181,0.8548972678636325,0.0,0.05066158410342018,0.0,0.0,inf,2.5,50.0,10
6625.648941146111,9.918519397297729,0.8454033248674956,0.0,0.07979077973698491,0.0,0.0,inf,2.5,50.0,10
6150.750794342027,10.241522294927725,0.8571668064876352,0.0,0.0667925750822756,0.0,0.0,inf,2.5,50.0,10
5509.373558490992,10.719781405201656,0.87627394685522,0.0,0.025590553593943733,0.0,0.0,inf,2.5,50.0,10
5623.690037257464,10.630589853459051,0.8743610668862623,0.0,0.028592487989420236,0.0,0.0,inf,2.5,50.0,10
5438.739649360494,10.775820910860794,0.8789193180601864,0.0,0.018152184250104775,0.0,0.0,inf,2.5,50.0,10
5596.405412815922,10.65171192901704,0.8688749125653985,0.0,0.045140496640436574,0.0,0.0,inf,2.5,50.0,10
6021.103643489621,10.334042579244688,0.8680372771006126,0.0,0.04413898550071888,0.0,0.0,inf,2.5,50.0,10
6051.605490234028,10.312097526534085,0.8640891053562153,0.0,0.04238298461741422,0.0,0.0,inf,2.5,50.0,10
5807.356461992548,10.491018765385494,0.8561433307142046,0.0,0.06923874657251103,0.0,0.0,inf,2.5,50.0,10
5539.281382558346,10.696269340154078,0.8733335649582245,0.0,0.03188695453859813,0.0,0.0,inf,2.5,50.0,10
6100.131384977662,10.277411718970908,0.8570106851739905,0.0,0.058028435543893364,0.0,0.0,inf,2.5,50.0,10
6634.534604280576,9.912698972517424,0.8455564026039767,0.0,0.08143081363543175,0.0,0.0,inf,2.5,50.0,10
5990.783648650829,10.35596725118927,0.8591593465970582,0.0,0.055125096301107415,0.0,0.0,inf,2.5,50.0,10
6165.573845583136,10.231068571669486,0.8626440095511724,0.0,0.051794255022027,0.0,0.0,inf,2.5,50.0,10
5861.348736310704,10.450827992287069,0.8709325099077583,0.0,0.039307800340884054,0.0,0.0,inf,2.5,50.0,10
5791.190271124659,10.503125268373141,0.8617623320620494,0.0,0.057225540232282636,0.0,0.0,inf,2.5,50.0,10
6133.03459621619,10.254049463347615,0.8500813792904842,0.0,0.0678039119874841,0.0,0.0,inf,2.5,50.0,10
6243.705278947114,10.176379659566797,0.8553199221299539,0.0,0.06508045259783367,0.0,0.0,inf,2.5,50.0,10
5558.240705795068,10.681430104137867,0.8726562721547185,0.0,0.03580187178857399,0.0,0.0,inf,2.5,50.0,10
6026.167158594216,10.33039186559414,0.857400975051954,0.0,0.06660893100807398,0.0,0.0,inf,2.5,50.0,10
6659.368445670231,9.896473169177293,0.8473099569954379,0.0,0.06904065799369555,0.0,0.0,inf,2.5,50.0,10
5670.045337978419,10.594938293197787,0.8704634117078192,0.0,0.03794341359879845,0.0,0.0,inf,2.5,50.0,10
6023.501169335978,10.332313618809328,0.8577389939817074,0.0,0.06468409598397831,0.0,0.0,inf,2.5,50.0,10
7281.105772487541,9.508830207826618,0.812593355803873,0.0,0.11243442725462957,0.0,0.0,inf,2.5,50.0,10
6777.368397283914,9.82019267649442,0.8421644603403213,0.0,0.07934793769766753,0.0,0.0,inf,2.5,50.0,10
6166.226318930339,10.230609002797523,0.8478652364197558,0.0,0.07690407710868315,0.0,0.0,inf,2.5,50.0,10
6546.857792616248,9.970474533585916,0.8270350355503134,0.0,0.1023986990305997,0.0,0.0,inf,2.5,50.0,10
5595.582297059725,10.652350733563283,0.8645624729367645,0.0,0.05358763602092765,0.0,0.0,inf,2.5,50.0,10
6729.206174093966,9.85116526145365,0.8354127366052211,0.0,0.08624219249426682,0.0,0.0,inf,2.5,50.0,10
6313.648360510314,10.127999707273998,0.8569212614492866,0.0,0.06016957068337421,0.0,0.0,inf,2.5,50.0,10
6981.019596458122,9.691615037494019,0.8212726574744647,0.0,0.08972575191061478,0.0,0.0,inf,2.5,50.0,10
5627.220060966759,10.627864616380707,0.8710453302006821,0.0,0.0450190572604171,0.0,0.0,inf,2.5,50.0,10
6567.241544491218,9.956973708464199,0.8389933217530667,0.0,0.08704103824622159,0.0,0.0,inf,2.5,50.0,10
6238.288850179836,10.180148809349381,0.8443724167559784,0.0,0.07023751707924902,0.0,0.0,inf,2.5,50.0,10
6551.330446283125,9.967508552570742,0.8487842145071064,0.0,0.07091414471884708,0.0,0.0,inf,2.5,50.0,10
5628.086643763811,10.627195861388081,0.8742143476403318,0.0,0.0367829478329228,0.0,0.0,inf,2.5,50.0,10
6883.172577861647,9.752917023597355,0.8254511722558685,0.0,0.09435168899126056,0.0,0.0,inf,2.5,50.0,10
6053.202206416026,10.310951791635345,0.8597089390556505,0.0,0.05773456308257765,0.0,0.0,inf,2.5,50.0,10
6261.976242318672,10.163689452793607,0.8549430254817554,0.0,0.0586962568457436,0.0,0.0,inf,2.5,50.0,10
6404.093111401429,10.066227232118612,0.8502871109192226,0.0,0.06999507740568847,0.0,0.0,inf,2.5,50.0,10
6193.071160142578,10.211742906630052,0.8539776235288962,0.0,0.060283476408870586,0.0,0.0,inf,2.5,50.0,10
7238.0846276672955,9.534567042960528,0.8211996833382351,0.0,0.08951772035091038,0.0,0.0,inf,2.5,50.0,10
6531.229722101257,9.980854014546685,0.8388786060262216,0.0,0.08416306474580237,0.0,0.0,inf,2.5,50.0,10
7311.7930355962,9.490564709171093,0.8288843266855287,0.0,0.08900206218321878,0.0,0.0,inf,2.5,50.0,10
6474.035483298657,10.019052854864693,0.8476084179567412,0.0,0.06351860913746477,0.0,0.0,inf,2.5,50.0,10
6330.8548249221785,10.116180061930823,0.8602276353476825,0.0,0.049812520553714615,0.0,0.0,inf,2.5,50.0,10
6904.094756536185,9.739736175642353,0.8225850396243274,0.0,0.10341996101593154,0.0,0.0,inf,2.5,50.0,10
5779.218448089547,10.512112502383772,0.8700122046830464,0.0,0.042310088680722446,0.0,0.0,inf,2.5,50.0,10
6332.2575764907015,10.115217885731372,0.8557362240679105,0.0,0.07442852865743833,0.0,0.0,inf,2.5,50.0,10
5952.836309091789,10.383564203681612,0.8632504881739056,0.0,0.05121842171722313,0.0,0.0,inf,2.5,50.0,10
7443.363671553685,9.4131112238248,0.8202034591630548,0.0,0.08906709977648455,0.0,0.0,inf,2.5,50.0,10
6501.162352220125,10.0008934914424,0.8424903810919815,0.0,0.08309067399147808,0.0,0.0,inf,2.5,50.0,10
6157.381655134594,10.23684287415791,0.8489596501959568,0.0,0.06496257750310336,0.0,0.0,inf,2.5,50.0,10
6133.176948758891,10.25394866136233,0.8570151456328003,0.0,0.059394248501521044,0.0,0.0,inf,2.5,50.0,10
7952.342591248528,9.125852794328965,0.7921092197406229,0.0,0.12615246916641543,0.0,0.0,inf,2.5,50.0,10
6992.7956807148275,9.684295218932846,0.8205118832572242,0.0,0.10578810438231434,0.0,0.0,inf,2.5,50.0,10
6546.557378106805,9.970673822101643,0.8376985065404527,0.0,0.07852051896419845,0.0,0.0,inf,2.5,50.0,10
6315.47100853212,10.126746150377928,0.8484174250041487,0.0,0.07872373368456344,0.0,0.0,inf,2.5,50.0,10
8092.741391267883,9.04984698411824,0.7823487238301867,0.0,0.13761123893501678,0.0,0.0,inf,2.5,50.0,10
6606.017709391784,9.931406272556544,0.8214853346933512,0.0,0.0988062547245871,0.0,0.0,inf,2.5,50.0,10
7266.607812777213,9.517486394173169,0.8049443104029091,0.0,0.12488265666995244,0.0,0.0,inf,2.5,50.0,10
5793.732004322511,10.501219583218314,0.8713279845315574,0.0,0.04810675695259945,0.0,0.0,inf,2.5,50.0,10
6204.785955065241,10.20353556521866,0.8524728850783327,0.0,0.059365138665392995,0.0,0.0,inf,2.5,50.0,10
7014.11567555362,9.67107436955678,0.8236834433091349,0.0,0.08835627279391554,0.0,0.0,inf,2.5,50.0,10
6308.171594006549,10.131768624322579,0.8497372271380146,0.0,0.07008972245358579,0.0,0.0,inf,2.5,50.0,10
6418.283527685037,10.056614627252365,0.8414334954528933,0.0,0.07365062076202927,0.0,0.0,inf,2.5,50.0,10
7298.201609651457,9.498645044770255,0.7905136778248676,0.0,0.11871855532188358,0.0,0.0,inf,2.5,50.0,10
6284.670876276189,10.147978219421619,0.8543610355148404,0.0,0.06114061215641883,0.0,0.0,inf,2.5,50.0,10
6593.73771390784,9.939486931090052,0.8381409105038609,0.0,0.08689260600440635,0.0,0.0,inf,2.5,50.0,10
6367.088675989097,10.091394624373084,0.854074955490448,0.0,0.0694239133934755,0.0,0.0,inf,2.5,50.0,10
7820.652957210367,9.198373464429746,0.8020242251220198,0.0,0.12123982591554706,0.0,0.0,inf,2.5,50.0,10
7100.860340962243,9.617693897972389,0.8307951566874916,0.0,0.0915369620491863,0.0,0.0,inf,2.5,50.0,10
7224.414557829712,9.542777017722946,0.7981520160329674,0.0,0.1081031081519135,0.0,0.0,inf,2.5,50.0,10
6821.597280689021,9.791942840165653,0.8379803603004293,0.0,0.07888775838006004,0.0,0.0,inf,2.5,50.0,10
7650.052999145175,9.29415916935657,0.8102181387915242,0.0,0.10590717213708539,0.0,0.0,inf,2.5,50.0,10
6720.385106691828,9.856862001773212,0.8371592345786852,0.0,0.08537486161615394,0.0,0.0,inf,2.5,50.0,10
6613.635183303495,9.926401258765488,0.8480459606586921,0.0,0.07162054008853551,0.0,0.0,inf,2.5,50.0,10
6328.100449992742,10.118069964890186,0.8449774073814835,0.0,0.07587418488200885,0.0,0.0,inf,2.5,50.0,10
7317.124530249512,9.487399145074743,0.8033570827897856,0.0,0.11623045408308262,0.0,0.0,inf,2.5,50.0,10
7662.723262528024,9.286972194724175,0.7978318411689922,0.0,0.12090264700404235,0.0,0.0,inf,2.5,50.0,10
6412.412348187932,10.060589191158314,0.8453878358845066,0.0,0.07351585812190224,0.0,0.0,inf,2.5,50.0,10
7116.5935872002065,9.60808195922827,0.8289390070767804,0.0,0.08714633259103378,0.0,0.0,inf,2.5,50.0,10
6646.823825422171,9.904661929499404,0.8355050522726267,0.0,0.09355623283209327,0.0,0.0,inf,2.5,50.0,10
6363.323156078128,10.093963817873021,0.8583201111567508,0.0,0.06464420066335629,0.0,0.0,inf,2.5,50.0,10
5747.172771406913,10.536261077848808,0.8637633350586862,0.0,0.06736107118652881,0.0,0.0,inf,2.5,50.0,10
6295.6381509975645,10.140406023715897,0.8442744181509968,0.0,0.0758456168948915,0.0,0.0,inf,2.5,50.0,10
6660.340220319027,9.895839467076206,0.8391607642187896,0.0,0.08536838110930856,0.0,0.0,inf,2.5,50.0,10
6487.5791842067065,10.009976891937997,0.850174336244557,0.0,0.07603249350971794,0.0,0.0,inf,2.5,50.0,10
7222.844970242415,9.543720675209522,0.8181867227833357,0.0,0.11151147224112107,0.0,0.0,inf,2.5,50.0,10
7422.244205738617,9.425451215180441,0.8100261713303122,0.0,0.1055576605486829,0.0,0.0,inf,2.5,50.0,10
6084.53958807116,10.288526397521295,0.8653612508589432,0.0,0.0527907651848372,0.0,0.0,inf,2.5,50.0,10
6445.120110965952,10.038493456108132,0.8308423196380494,0.0,0.09633516169595127,0.0,0.0,inf,2.5,50.0,10
7470.364252189481,9.397385824984097,0.8126232804714233,0.0,0.10004008158836993,0.0,0.0,inf,2.5,50.0,10
7093.737697779068,9.62205235163511,0.8020928131921946,0.0,0.12983806909572007,0.0,0.0,inf,2.5,50.0,10
6482.716633602684,10.013233223210472,0.8388505378914674,0.0,0.08810376513693324,0.0,0.0,inf,2.5,50.0,10
7798.303188658248,9.210802448400557,0.7789431969931456,0.0,0.13245305076177233,0.0,0.0,inf,2.5,50.0,10
7447.009612748181,9.410984464282208,0.8044792966819085,0.0,0.1205549363422886,0.0,0.0,inf,2.5,50.0,10
6795.096079095499,9.808847590597352,0.8422849506191772,0.0,0.08300339982836485,0.0,0.0,inf,2.5,50.0,10
7353.637925194755,9.465781183866195,0.8136712152974779,0.0,0.10430216694601951,0.0,0.0,inf,2.5,50.0,10
7303.192303349946,9.4956762448989,0.8002451575999658,0.0,0.1347953779941598,0.0,0.0,inf,2.5,50.0,10
6829.504040257415,9.786911945802556,0.8205105337279275,0.0,0.09278408837941456,0.0,0.0,inf,2.5,50.0,10
7247.13953000758,9.52913737947727,0.819320680001862,0.0,0.10282847069591858,0.0,0.0,inf,2.5,50.0,10
7609.391009822422,9.317304598998037,0.8016239934760411,0.0,0.11911231710176376,0.0,0.0,inf,2.5,50.0,10
6887.606328930178,9.750120444401997,0.8237359514223234,0.0,0.09790651377425405,0.0,0.0,inf,2.5,50.0,10
6774.2340929985,9.82220160655418,0.8390813225306225,0.0,0.08042057499716249,0.0,0.0,inf,2.5,50.0,10
7275.284850244351,9.512303588845409,0.8157159214892293,0.0,0.10218249275149088,0.0,0.0,inf,2.5,50.0,10
6896.026225383462,9.744814564390635,0.8149106065823872,0.0,0.11935843532859458,0.0,0.0,inf,2.5,50.0,10
7000.399429041467,9.679575401565673,0.8295977296374668,0.0,0.09304697420353344,0.0,0.0,inf,2.5,50.0,10
6280.65053789455,10.15075731400513,0.8511522324153334,0.0,0.07487709013391189,0.0,0.0,inf,2.5,50.0,10
7374.451137884873,9.453506584764577,0.8076203114828586,0.0,0.1045970475813329,0.0,0.0,inf,2.5,50.0,10
6676.74456863599,9.88515599065135,0.8424598545145073,0.0,0.09247232300167178,0.0,0.0,inf,2.5,50.0,10
7121.699424202836,9.604967208142574,0.8161233026138849,0.0,0.1142150427245522,0.0,0.0,inf,2.5,50.0,10
8174.190867889228,9.006355865694974,0.7944867683767447,0.0,0.1328442564827843,0.0,0.0,inf,2.5,50.0,10
8048.762068353736,9.07351271583943,0.7771121277957588,0.0,0.12128743205098469,0.0,0.0,inf,2.5,50.0,10
7482.998693569459,9.390046914668218,0.799044104853506,0.0,0.1183749756127081,0.0,0.0,inf,2.5,50.0,10
6873.672779471299,9.758915071214746,0.8196604552268373,0.0,0.09339807085743736,0.0,0.0,inf,2.5,50.0,10
6439.393961387719,10.042353648761328,0.8328621285908967,0.0,0.08731660800627605,0.0,0.0,inf,2.5,50.0,10
7269.810422412542,9.515572751221633,0.7952970701649462,0.0,0.13997357313616587,0.0,0.0,inf,2.5,50.0,10
7826.476072966565,9.195140990086019,0.7861186651828265,0.0,0.13803419580749718,0.0,0.0,inf,2.5,50.0,10
8147.548136320382,9.020534258790482,0.7767444980431512,0.0,0.1372113216107897,0.0,0.0,inf,2.5,50.0,10
6830.661650618538,9.78617587304237,0.8385027099017611,0.0,0.0851746769326131,0.0,0.0,inf,2.5,50.0,10
7101.215754584604,9.617476529506007,0.8144099161001661,0.0,0.12009905771078001,0.0,0.0,inf,2.5,50.0,10
7549.945549265334,9.351365413895664,0.8083238658886509,0.0,0.11254226181763102,0.0,0.0,inf,2.5,50.0,10
6741.645296043612,9.843144619893016,0.8245411408740906,0.0,0.08691257404998828,0.0,0.0,inf,2.5,50.0,10
6853.824744762182,9.771473657282225,0.8200619201236884,0.0,0.12133062262498295,0.0,0.0,inf,2.5,50.0,10
7318.209383719617,9.486755297958755,0.7985873053297841,0.0,0.11540067933668614,0.0,0.0,inf,2.5,50.0,10
6819.162723181884,9.793493068895067,0.8331890664912424,0.0,0.08985114286258272,0.0,0.0,inf,2.5,50.0,10
6938.846857308753,9.717930582976004,0.8102345371440176,0.0,0.10840942186965537,0.0,0.0,inf,2.5,50.0,10
6662.986871179497,9.89411403337417,0.8344124261879039,0.0,0.08720064171833386,0.0,0.0,inf,2.5,50.0,10
8555.826228609216,8.808184055297234,0.7771043846400747,0.0,0.12614132162673394,0.0,0.0,inf,2.5,50.0,10
7593.133417202948,9.32659330034379,0.8010902620762388,0.0,0.12824812471508246,0.0,0.0,inf,2.5,50.0,10
7878.02690279189,9.166629013135339,0.7735320223152684,0.0,0.15801239111699925,0.0,0.0,inf,2.5,50.0,10
7714.065579587426,9.25797034254418,0.7970340105146244,0.0,0.12184480488412586,0.0,0.0,inf,2.5,50.0,10
7775.415799745166,9.223567381264035,0.7794923649820328,0.0,0.14357760203607556,0.0,0.0,inf,2.5,50.0,10
7321.299188722763,9.484922059805562,0.8286891311795508,0.0,0.09179792062029057,0.0,0.0,inf,2.5,50.0,10
8362.30754342672,8.907542251640301,0.7679467126616358,0.0,0.1512535261324451,0.0,0.0,inf,2.5,50.0,10
7733.928097933905,9.246802307331004,0.7865658748760175,0.0,0.1450284339711162,0.0,0.0,inf,2.5,50.0,10
7928.7478266479575,9.138757555069972,0.7727055970038764,0.0,0.15219487005030863,0.0,0.0,inf,2.5,50.0,10
8444.865066692473,8.864876461271407,0.7866630204961642,0.0,0.13279791050798273,0.0,0.0,inf,2.5,50.0,10
7146.130707569233,9.590094053887105,0.8313369228421635,0.0,0.09112879441445189,0.0,0.0,inf,2.5,50.0,10
6807.213351397558,9.801109984104222,0.8231939272750435,0.0,0.10546342399718088,0.0,0.0,inf,2.5,50.0,10
7745.095272656893,9.240535964699513,0.7805888513236974,0.0,0.14219652447322864,0.0,0.0,inf,2.5,50.0,10
7989.560861921582,9.10557451451965,0.7847917084201798,0.0,0.13530371462984245,0.0,0.0,inf,2.5,50.0,10
8404.784164771536,8.885537956506935,0.7773560342829675,0.0,0.14873065197691965,0.0,0.0,inf,2.5,50.0,10
7442.343284785729,9.413706624963252,0.7984944249943025,0.0,0.13648570146752284,0.0,0.0,inf,2.5,50.0,10
7536.4149287914715,9.359155596813114,0.8049025968826927,0.0,0.11728912845900416,0.0,0.0,inf,2.5,50.0,10
8477.041709004694,8.848360408761053,0.7689505353082269,0.0,0.14225081115015623,0.0,0.0,inf,2.5,50.0,10
7590.0900308059545,9.328334335033478,0.799077723235964,0.0,0.13497844648005491,0.0,0.0,inf,2.5,50.0,10
8683.55078143901,8.743830124821667,0.7513271388165658,0.0,0.16016167521694244,0.0,0.0,inf,2.5,50.0,10
8406.886211512718,8.884451916530274,0.7677380130503273,0.0,0.15312385847226243,0.0,0.0,inf,2.5,50.0,10
7679.9151949162115,9.277239364852623,0.7944294745972355,0.0,0.13286643091845476,0.0,0.0,inf,2.5,50.0,10
7011.347526652796,9.672788668458702,0.8021983745315804,0.0,0.13275712179931118,0.0,0.0,inf,2.5,50.0,10
6810.880856760375,9.79877077664159,0.806340412793284,0.0,0.11355294580547343,0.0,0.0,inf,2.5,50.0,10
8941.873905259592,8.61651819540334,0.7596261350407245,0.0,0.15038980139121794,0.0,0.0,inf,2.5,50.0,10
8279.667166658603,8.950674818836161,0.7668345724625238,0.0,0.15791452581470217,0.0,0.0,inf,2.5,50.0,10
7885.916291672715,9.162281981050372,0.7945734392251778,0.0,0.12345668857451611,0.0,0.0,inf,2.5,50.0,10
7634.285737326817,9.3031195010393,0.7864959034841378,0.0,0.14555765616556499,0.0,0.0,inf,2.5,50.0,10
8170.1748036322,9.00849012359883,0.7593380996711265,0.0,0.16262364531589907,0.0,0.0,inf,2.5,50.0,10
8942.827244721859,8.616055196257017,0.7174671817312697,0.0,0.1995635109136641,0.0,0.0,inf,2.5,50.0,10
7941.261495782326,9.131908638387786,0.7805580192760861,0.0,0.13529615961842287,0.0,0.0,inf,2.5,50.0,10
7250.947323430267,9.526856107849582,0.8081429235846405,0.0,0.11566034415382295,0.0,0.0,inf,2.5,50.0,10
6857.04427347946,9.769434073095283,0.823472892861333,0.0,0.08464636379596734,0.0,0.0,inf,2.5,50.0,10
7889.554103966065,9.160279021019914,0.7785756197115883,0.0,0.14876995727732256,0.0,0.0,inf,2.5,50.0,10
8020.850470153708,9.088599408490447,0.7831046615047463,0.0,0.13025248752408472,0.0,0.0,inf,2.5,50.0,10
7061.108482121256,9.642074771135732,0.8005681697448782,0.0,0.13463094474822707,0.0,0.0,inf,2.5,50.0,10
9288.32249479847,8.451430749728843,0.7393677218866233,0.0,0.1723579016926784,0.0,0.0,inf,2.5,50.0,10
8401.345784745406,8.887315009876577,0.7650097598070995,0.0,0.13706386402942897,0.0,0.0,inf,2.5,50.0,10
7420.446783116401,9.426503060470326,0.7799969532426683,0.0,0.13846532788298035,0.0,0.0,inf,2.5,50.0,10
8373.020435154272,8.901982097212546,0.7899015436558324,0.0,0.12409764458294706,0.0,0.0,inf,2.5,50.0,10
8554.111546587957,8.809054516607297,0.7491683397250558,0.0,0.15901532077396152,0.0,0.0,inf,2.5,50.0,10
8553.509169206949,8.809360355948781,0.7320582861123532,0.0,0.18389124546461855,0.0,0.0,inf,2.5,50.0,10
7728.156207157949,9.250044690933523,0.7778437335321287,0.0,0.16149180470094662,0.0,0.0,inf,2.5,50.0,10
9023.681376106837,8.576966087855576,0.7380867955533578,0.0,0.18797694925963815,0.0,0.0,inf,2.5,50.0,10
8524.019386784084,8.824359320777667,0.7679188353522539,0.0,0.16132811955665233,0.0,0.0,inf,2.5,50.0,10
