mse,psnr,ssim,a-gcnr,h-gcnr,cvar,jitter_factor,charge_injection_factor,clock_feedthrough_factor,gain_error_factor,f0_mhz,fs_mhz,ch_compression
2714.409358222222,13.794050169506892,0.8557699335354017,0.2233745871654037,0.11988814122939234,0.0061013137803275375,0.0,0.0,0.0,inf,2.5,50.0,10
2720.396238222222,13.78448195237975,0.8546868185647866,0.22450283997922615,0.11902361273331824,0.008107292109104762,0.0,0.0,0.0,inf,2.5,50.0,10
2867.5195306666665,13.555739763061567,0.839034769645703,0.20784732128212163,0.11100707419597217,0.014069496991355152,0.0,0.0,0.0,inf,2.5,50.0,10
2629.477376,13.932109223682259,0.8559189445832278,0.21993363920580156,0.12017816495508649,0.004483366041366664,0.0,0.0,0.0,inf,2.5,50.0,10
2836.763463111111,13.602572361923624,0.8427857656619638,0.2278919643894301,0.11375338396579687,-0.014225989738688962,0.0,0.0,0.0,inf,2.5,50.0,10
2609.501525333333,13.965228058179695,0.8601745954839122,0.22325669150410182,0.12238581935580434,0.0023474615939531786,0.0,0.0,0.0,inf,2.5,50.0,10
2815.5359573333335,13.635192827615688,0.8398243431067126,0.2318370917279372,0.11199830156668861,-0.014247754431062265,0.0,0.0,0.0,inf,2.5,50.0,10
2893.7383324444445,13.51621103578093,0.8415589056702621,0.21350143432218038,0.11384080527923818,0.013044969937093568,0.0,0.0,0.0,inf,2.5,50.0,10
2903.8604515555558,13.501046188727683,0.8341099652163311,0.21011786378937752,0.10626923889053441,0.012923055858980664,0.0,0.0,0.0,inf,2.5,50.0,10
2594.482986666667,13.99029533715558,0.8613706445084217,0.22237203773010328,0.1219357968445503,0.0011359924933738927,0.0,0.0,0.0,inf,2.5,50.0,10
2596.7161955555557,13.986558742495399,0.8610220194702993,0.22195982598672115,0.12111334529328743,-0.0022921954237037933,0.0,0.0,0.0,inf,2.5,50.0,10
2617.0036195555554,13.95276037558592,0.8563463475518984,0.22378321639968585,0.12045792916710746,0.007391279284331004,0.0,0.0,0.0,inf,2.5,50.0,10
2584.065728,14.007768047396528,0.861614468583405,0.22292395341711768,0.12157787037645346,-0.0016155628270437688,0.0,0.0,0.0,inf,2.5,50.0,10
2732.642176,13.764975938524131,0.8476043085385011,0.22754528323639212,0.11386497248467664,0.012525429646181198,0.0,0.0,0.0,inf,2.5,50.0,10
2948.113400888889,13.43536175970899,0.819520996372475,0.19916177672691326,0.10097791753123653,0.016321568438997725,0.0,0.0,0.0,inf,2.5,50.0,10
2601.1778204444445,13.979103186304867,0.8614473890789417,0.2234590475136955,0.1212858880929108,-0.0009182915628850876,0.0,0.0,0.0,inf,2.5,50.0,10
2709.913358222222,13.801249551032868,0.8555852817003592,0.22497820647051497,0.11985413215131796,0.006485773374442239,0.0,0.0,0.0,inf,2.5,50.0,10
2798.709319111111,13.661225669611152,0.8464746146148341,0.21485727616485673,0.11712210752910462,0.01208834846808144,0.0,0.0,0.0,inf,2.5,50.0,10
2807.294272,13.647924213338454,0.8468058130343362,0.21720293573617833,0.11573703868275648,-0.009815156903649992,0.0,0.0,0.0,inf,2.5,50.0,10
2610.7298702222224,13.963184227642149,0.8604677893407736,0.22216499715887117,0.12127874899819341,0.002422890489441713,0.0,0.0,0.0,inf,2.5,50.0,10
2881.7193102222222,13.534286841672714,0.6520419499537217,0.16252580620379242,0.03410110212099454,0.06102214937352063,0.0,0.0,0.0,inf,2.5,50.0,10
2838.551608888889,13.599835661458634,0.6679003024204409,0.13709357687337648,0.016423177409953194,0.06489903537942897,0.0,0.0,0.0,inf,2.5,50.0,10
3032.099178666667,13.31336958088896,0.7024878957203973,0.18250498060049503,0.04863396074110127,0.0487206250104712,0.0,0.0,0.0,inf,2.5,50.0,10
2954.3643733333333,13.426163033486114,0.7334077895947319,0.16606982474020077,0.06385196479201982,0.040489742839682694,0.0,0.0,0.0,inf,2.5,50.0,10
2929.134897777778,13.463409878167488,0.7139463308193705,0.17306359491405265,0.03527315853869112,0.05443467592062209,0.0,0.0,0.0,inf,2.5,50.0,10
2961.8732302222224,13.415138943238905,0.7156396092697039,0.17217801161828,0.051772626554907275,0.04488915943568656,0.0,0.0,0.0,inf,2.5,50.0,10
2922.469582222222,13.473303612536352,0.7215172794605188,0.17362310177283657,0.05905487134185755,0.0404576157599644,0.0,0.0,0.0,inf,2.5,50.0,10
2858.4101404444446,13.569558169754947,0.7047068982715894,0.13343250961050068,0.04345938008470546,0.053754637335342026,0.0,0.0,0.0,inf,2.5,50.0,10
3033.3691875555555,13.31155089904225,0.7176536046514954,0.18785466427904546,0.0635394409077139,0.045068258591324226,0.0,0.0,0.0,inf,2.5,50.0,10
2964.704398222222,13.410989632083778,0.7040963435355748,0.16148710177459602,0.03746538096124752,0.04945063767472456,0.0,0.0,0.0,inf,2.5,50.0,10
2873.0636088888887,13.547351196014635,0.652894333499057,0.16748462885347176,0.02032886597696071,0.05962926914602748,0.0,0.0,0.0,inf,2.5,50.0,10
2938.9680995555555,13.448854887327531,0.7098101339487237,0.15752699473111825,0.03845077398049079,0.045473608758022,0.0,0.0,0.0,inf,2.5,50.0,10
2876.6387128888887,13.541950401146888,0.6967744326391271,0.16297451378737265,0.021351994249327155,0.052725934990494404,0.0,0.0,0.0,inf,2.5,50.0,10
2891.397553777778,13.519725516110386,0.625399359574159,0.14750027918113645,0.011717950684962897,0.05582422758086695,0.0,0.0,0.0,inf,2.5,50.0,10
2997.162112,13.363701269502993,0.7035665661617514,0.1560373966742185,0.05578252371427689,0.05357233724387352,0.0,0.0,0.0,inf,2.5,50.0,10
2890.7057706666665,13.520764714382725,0.7116017213474573,0.16652219675092117,0.028754538932953766,0.059738593337827134,0.0,0.0,0.0,inf,2.5,50.0,10
2963.1499875555555,13.413267258849501,0.7221975865267609,0.15181748903145653,0.04385472836690718,0.04041720826086281,0.0,0.0,0.0,inf,2.5,50.0,10
2850.6806826666666,13.581317880770428,0.6717096940888326,0.15582798240390383,0.03082340390566246,0.06388203621769241,0.0,0.0,0.0,inf,2.5,50.0,10
3084.6905244444442,13.238687614671878,0.747210803416021,0.1707320908378569,0.0696912996446446,0.04422962367195257,0.0,0.0,0.0,inf,2.5,50.0,10
3012.444792888889,13.34161264243795,0.6385548474369998,0.20688173729142545,0.04208708449423071,0.07619039133212165,0.0,0.0,0.0,inf,2.5,50.0,10
2894.572785777778,13.514958862312083,0.5261185858827446,0.14993592606175582,0.0016983349547450288,0.10312108512818069,0.0,0.0,0.0,inf,2.5,50.0,10
2896.3586204444446,13.512280266723549,0.4944764146479885,0.040977437530568483,0.03893386710575447,0.09750584186686456,0.0,0.0,0.0,inf,2.5,50.0,10
2891.7442986666665,13.519204728635703,0.5867689325918182,0.2086184060969274,0.0019327333854896045,0.09125615125526879,0.0,0.0,0.0,inf,2.5,50.0,10
2855.7224675555553,13.573643624787088,0.5429525998251474,0.08180158243358593,0.05277377174369663,0.10520182721197024,0.0,0.0,0.0,inf,2.5,50.0,10
2944.418119111111,13.44080879275446,0.4736523756485998,0.13025302826406504,0.02933048083917006,0.12256467065099445,0.0,0.0,0.0,inf,2.5,50.0,10
2802.9636764444444,13.65462891085489,0.5429918731473781,0.06443571955668087,0.04346451627927628,0.09224436708114449,0.0,0.0,0.0,inf,2.5,50.0,10
2868.9924408888887,13.553509568828282,0.5725098857063221,0.10691296260519095,0.006832076666911213,0.08696189169175322,0.0,0.0,0.0,inf,2.5,50.0,10
2782.711402666667,13.686121932433524,0.5910107480332847,0.1052886889390145,0.011347690827318069,0.086249318271103,0.0,0.0,0.0,inf,2.5,50.0,10
2796.295182222222,13.664973464252672,0.5835126420526283,0.12586781928801793,0.006400679562463374,0.08592610032771326,0.0,0.0,0.0,inf,2.5,50.0,10
2789.910592,13.674900751653567,0.5836921562563455,0.13267205546373312,0.026844951651365467,0.10701255340729783,0.0,0.0,0.0,inf,2.5,50.0,10
2809.8970595555556,13.643899510289824,0.5849699226550041,0.11125461067857306,0.019877211366748526,0.09557997660072806,0.0,0.0,0.0,inf,2.5,50.0,10
2923.9592533333334,13.47109044625791,0.5116450488693273,0.12681703927545507,0.028578350541835107,0.0930245458059336,0.0,0.0,0.0,inf,2.5,50.0,10
2816.298503111111,13.63401676525861,0.5709948031191232,0.08582785818068,0.0050985562469530454,0.08768429118470894,0.0,0.0,0.0,inf,2.5,50.0,10
2855.645255111111,13.573761050035074,0.6214870009399582,0.15509557865764684,0.01877897882876256,0.08157610954167188,0.0,0.0,0.0,inf,2.5,50.0,10
2853.0013795555556,13.577783792097051,0.6089981804492424,0.11627770642702412,0.0005048059761548762,0.09317129230329431,0.0,0.0,0.0,inf,2.5,50.0,10
3030.5023288888888,13.315657387739178,0.47232341027905317,0.13145888975257647,0.010793611254172775,0.10705063853948986,0.0,0.0,0.0,inf,2.5,50.0,10
3076.2407253333336,13.250600435248291,0.45228692454683167,0.09228287620348369,0.003328823649984658,0.10261553570211539,0.0,0.0,0.0,inf,2.5,50.0,10
2883.7254968888888,13.531264435376876,0.5579283248140572,0.12655968582502147,0.021226791080901752,0.09609480406661286,0.0,0.0,0.0,inf,2.5,50.0,10
2833.6204657777776,13.607386803257437,0.5860037651357263,0.12398903326038768,0.011427665665053044,0.10344357070874102,0.0,0.0,0.0,inf,2.5,50.0,10
2846.515029333333,13.58766879680013,0.6084031123570073,0.155371802808691,0.001518300483705548,0.09567284233717267,0.0,0.0,0.0,inf,2.5,50.0,10
2597.1351395555557,13.985858125338373,0.8616593279302401,0.22344751611480068,0.12140403596136823,0.0,0.004122426446321086,0.0,0.0,inf,2.5,50.0,10
2583.9451662222223,14.00797067589673,0.8614235932644801,0.2225946015235319,0.12176575760447972,0.0,-0.018229006328391268,0.0,0.0,inf,2.5,50.0,10
2590.9254755555557,13.996254395920278,0.8616574510063749,0.22365371633228381,0.12173359415591845,0.0,0.0007289410665408377,0.0,0.0,inf,2.5,50.0,10
2587.645944888889,14.001755072251775,0.861932100817138,0.22420432006579966,0.12149000432437262,0.0,0.013951543273547367,0.0,0.0,inf,2.5,50.0,10
2593.2802488888888,13.992309085145639,0.8616608665607721,0.22351315049706844,0.1216902213072284,0.0,-0.003917186086783614,0.0,0.0,inf,2.5,50.0,10
2607.9234844444445,13.967855156680873,0.8604749959595288,0.2247526596423151,0.12102295748877234,0.0,0.04126471117810305,0.0,0.0,inf,2.5,50.0,10
2614.996821333333,13.956091955721632,0.8609343104564543,0.22164849015189703,0.12077323495043252,0.0,-0.026887703685977545,0.0,0.0,inf,2.5,50.0,10
2606.4390044444444,13.970327947904293,0.861660856837715,0.22308265927212084,0.12193862524414212,0.0,0.01285755350225253,0.0,0.0,inf,2.5,50.0,10
2576.7354524444445,14.020105280528236,0.8613310761320154,0.22405553769828201,0.12137917216599114,0.0,-0.029732412234052034,0.0,0.0,inf,2.5,50.0,10
2583.7407217777777,14.008314307828115,0.8618619353625386,0.22356476859541435,0.12194572235673384,0.0,-0.015464554966419046,0.0,0.0,inf,2.5,50.0,10
2601.9857493333334,13.977754471983939,0.8615261266410124,0.22386880499965478,0.12181945534916777,0.0,0.0063764868323269355,0.0,0.0,inf,2.5,50.0,10
2588.797866666667,13.999822188217319,0.8616112085174691,0.22387745523110775,0.121851045519827,0.0,0.004308109850882948,0.0,0.0,inf,2.5,50.0,10
2586.9288675555554,14.0029587372571,0.861323114106051,0.22219662887561636,0.12128655823833967,0.0,0.021087320421221713,0.0,0.0,inf,2.5,50.0,10
2596.836231111111,13.986357990581732,0.8616135239818702,0.22391881215681997,0.12183347506827147,0.0,0.004860927310453547,0.0,0.0,inf,2.5,50.0,10
2607.1114951111113,13.969207563677424,0.8615176122143102,0.2242851661237107,0.12194251472624035,0.0,0.020070616156472355,0.0,0.0,inf,2.5,50.0,10
2615.4654151111113,13.955313792403405,0.8602622960624645,0.22292194535004584,0.12106005061025532,0.0,-0.032434891177643525,0.0,0.0,inf,2.5,50.0,10
2602.4958506666667,13.976903151095465,0.8606499930737403,0.22373193123732238,0.12186524433426454,0.0,0.029184063269733867,0.0,0.0,inf,2.5,50.0,10
2582.6885688888888,14.010083205356263,0.8609068736419518,0.2220167428724525,0.11983293131149253,0.0,-0.0467809781777223,0.0,0.0,inf,2.5,50.0,10
2590.6902044444446,13.99664877849007,0.861663189426162,0.22362297784546986,0.12170187246904768,0.0,-0.00041577172110665524,0.0,0.0,inf,2.5,50.0,10
2593.5563733333333,13.991846686456846,0.8617315313912619,0.22401256992161106,0.12123110963417494,0.0,0.022019028974414018,0.0,0.0,inf,2.5,50.0,10
2700.6637866666665,13.816098398733438,0.8510152899070034,0.21790074736872883,0.12062758457555123,0.0,0.12463325160068532,0.0,0.0,inf,2.5,50.0,10
2653.02304,13.893393392680109,0.8539310300514036,0.22432600677012204,0.12038384728482926,0.0,0.09731733538608488,0.0,0.0,inf,2.5,50.0,10
2626.9071502222223,13.936356382374427,0.8567037824971218,0.22811739202694709,0.11976721928782308,0.0,0.09070397222660467,0.0,0.0,inf,2.5,50.0,10
2658.160021333333,13.884992389300576,0.8550435769250094,0.22367107886049598,0.1211195175283778,0.0,0.10616933784988362,0.0,0.0,inf,2.5,50.0,10
2680.439872,13.848742913515368,0.8566946442583003,0.22967816715816686,0.1154145031736446,0.0,0.09501008769663742,0.0,0.0,inf,2.5,50.0,10
2631.282154666667,13.929129405113589,0.858340378984383,0.22299123424291234,0.1186993245792245,0.0,0.0710260330529475,0.0,0.0,inf,2.5,50.0,10
2645.0991075555557,13.906384118849369,0.8547995467117353,0.22076531686812617,0.12027227102279342,0.0,0.11141505010582159,0.0,0.0,inf,2.5,50.0,10
2690.989511111111,13.831683558858145,0.8494885948047287,0.21852060244588395,0.11982654564965284,0.0,0.13229089360528543,0.0,0.0,inf,2.5,50.0,10
2639.6278755555554,13.915376548253349,0.855857086560068,0.22099401597224722,0.11848588859622311,0.0,0.11553476403050067,0.0,0.0,inf,2.5,50.0,10
2624.5545671111113,13.9402475425379,0.8543633189957236,0.2198208760638543,0.11704837525087664,0.0,0.10798660933888861,0.0,0.0,inf,2.5,50.0,10
2649.663744,13.898895976447465,0.8567286289919535,0.22071894836236566,0.1252375025261736,0.0,0.1038534968291239,0.0,0.0,inf,2.5,50.0,10
2715.643377777778,13.792076236954777,0.853364691917625,0.22314067843042007,0.12124994530853628,0.0,0.12239255434000855,0.0,0.0,inf,2.5,50.0,10
2615.3621475555556,13.955485270162924,0.8552043378610968,0.21920140317530856,0.11903872564187401,0.0,0.10835526845647481,0.0,0.0,inf,2.5,50.0,10
2664.6435484444446,13.874412395493621,0.8588011236552001,0.22253090200811637,0.12208975131747357,0.0,0.05877601693294096,0.0,0.0,inf,2.5,50.0,10
2621.869297777778,13.944693228916885,0.8550536364719593,0.21850909451012906,0.12097747452781077,0.0,0.10766312539590148,0.0,0.0,inf,2.5,50.0,10
2652.8235235555558,13.89372000932789,0.8520470268175814,0.21907976973217808,0.11729803748569373,0.0,0.11700485995650176,0.0,0.0,inf,2.5,50.0,10
2646.5935146666666,13.903931169195413,0.8573067698242532,0.2196687779889141,0.11656032190367366,0.0,0.09444257053278168,0.0,0.0,inf,2.5,50.0,10
2668.7069653333333,13.867794717283964,0.8556990989100239,0.2250960513519758,0.12189238684674486,0.0,0.10632900326759584,0.0,0.0,inf,2.5,50.0,10
2671.188081777778,13.863758925386115,0.855258954154294,0.22050742077458785,0.1164534922372778,0.0,0.10750705958048172,0.0,0.0,inf,2.5,50.0,10
2685.984512,13.839768567691408,0.8522888438199517,0.2298360587089306,0.11806454624348278,0.0,0.12207175605565379,0.0,0.0,inf,2.5,50.0,10
2845.3220408888888,13.589489327850446,0.8362056843827173,0.20923157229111872,0.11523164567695038,0.0,0.20953368576379752,0.0,0.0,inf,2.5,50.0,10
2686.5813475555556,13.838803656711356,0.8451044986745473,0.2157138878926338,0.1149532985324328,0.0,0.1690795992091599,0.0,0.0,inf,2.5,50.0,10
2857.6150115555556,13.570766422279705,0.8368766427609116,0.21188984247830717,0.10733612934462616,0.0,0.21836089715249415,0.0,0.0,inf,2.5,50.0,10
2759.7347555555557,13.722130178368193,0.8384579379010278,0.21625160183546177,0.11012483801840928,0.0,0.21530740930096956,0.0,0.0,inf,2.5,50.0,10
2718.03744,13.788249261780523,0.8463557742188739,0.2193781503885892,0.11991403404005213,0.0,0.17307390341146617,0.0,0.0,inf,2.5,50.0,10
2827.776071111111,13.616353457470414,0.8338380894225575,0.20531101207097435,0.10965919135803992,0.0,0.2329189233384208,0.0,0.0,inf,2.5,50.0,10
2806.5802382222223,13.649028979505523,0.8349817913199522,0.20955013244615883,0.11638238295504871,0.0,0.22375174636413642,0.0,0.0,inf,2.5,50.0,10
2877.3409706666666,13.540890311622594,0.8353371137696578,0.20759646002499849,0.11809594891696962,0.0,0.22067891259809944,0.0,0.0,inf,2.5,50.0,10
2727.6968675555554,13.772842559035512,0.8430474440316165,0.219198948495609,0.11677266287189753,0.0,0.1918625305844853,0.0,0.0,inf,2.5,50.0,10
2853.271872,13.577372057954896,0.8330602424460848,0.20038009202723644,0.11182996653186122,0.0,0.22235492816490593,0.0,0.0,inf,2.5,50.0,10
2753.182663111111,13.73245334745362,0.838993554355847,0.21619807648037054,0.11336803224922537,0.0,0.18975592967404564,0.0,0.0,inf,2.5,50.0,10
2749.657400888889,13.738017754639758,0.8363354516513491,0.2187458203936063,0.11098575053112297,0.0,0.19927439771548608,0.0,0.0,inf,2.5,50.0,10
2880.8226844444443,13.535638327288346,0.8323787775238998,0.24249190226337813,0.1157189802714132,0.0,0.23352658813616975,0.0,0.0,inf,2.5,50.0,10
2777.706048,13.693940764448005,0.836516044625968,0.20490745202481098,0.10880746134193864,0.0,0.2048519309347128,0.0,0.0,inf,2.5,50.0,10
2733.814336,13.763113442676623,0.8422473264577416,0.2218616456747069,0.11886226297961455,0.0,0.16888057063406178,0.0,0.0,inf,2.5,50.0,10
2750.7914666666666,13.736226924370294,0.8434911768703278,0.21773012808955272,0.11609592410563285,0.0,0.18942160407760852,0.0,0.0,inf,2.5,50.0,10
2758.827335111111,13.723558404376583,0.8435439089781583,0.2142698225163936,0.10723063187583037,0.0,0.1850964992527602,0.0,0.0,inf,2.5,50.0,10
2812.1363626666666,13.640439847342783,0.840383412698173,0.2088393409460108,0.11048803577573213,0.0,0.20978319810457968,0.0,0.0,inf,2.5,50.0,10
2888.460344888889,13.524139512941495,0.8301102084731053,0.20630234867867814,0.11455411390718417,0.0,0.22844649269395953,0.0,0.0,inf,2.5,50.0,10
2804.0784924444442,13.652901945267924,0.8392044860519825,0.2149472283246105,0.11286988493742933,0.0,0.21491948273012068,0.0,0.0,inf,2.5,50.0,10
2670.344312888889,13.865130981749044,0.8507030673751635,0.22882306911647343,0.11698966997811605,0.0,0.0,-0.008146451733108986,0.0,inf,2.5,50.0,10
2949.2987875555555,13.433615885828251,0.8233817603306853,0.20043391383224946,0.10213098981110452,0.0,0.0,0.01915029494222886,0.0,inf,2.5,50.0,10
2812.7626382222224,13.639472761466184,0.8455414593340691,0.21492858883981503,0.11515936574420993,0.0,0.0,-0.01289713895028932,0.0,inf,2.5,50.0,10
2782.6281457777777,13.68625187242052,0.8486083412334711,0.21602503480137175,0.11583607631626719,0.0,0.0,0.010276534517281801,0.0,inf,2.5,50.0,10
2609.627079111111,13.965019106390939,0.860686618336125,0.22100386445751158,0.12214539969216931,0.0,0.0,0.002882658944903191,0.0,inf,2.5,50.0,10
2840.3380764444446,13.597103250476701,0.8345583839038094,0.21013167834097052,0.1122759630775561,0.0,0.0,-0.010999266360542166,0.0,inf,2.5,50.0,10
3012.692245333333,13.34125591285476,0.8227690263816199,0.20800767461634512,0.11554696465636327,0.0,0.0,-0.015942046854428446,0.0,inf,2.5,50.0,10
2966.1924266666665,13.408810391490062,0.8176599360701934,0.21854085458101097,0.09940164764028642,0.0,0.0,0.014950871106595771,0.0,inf,2.5,50.0,10
2824.031118222222,13.62210882936537,0.8403192279098453,0.222344638526423,0.11667842437948345,0.0,0.0,-0.014038789341107177,0.0,inf,2.5,50.0,10
3020.0231324444444,13.330700913364222,0.7371299848988,0.2035510437841811,0.06869035645459648,0.0,0.0,-0.028339464463291584,0.0,inf,2.5,50.0,10
3109.4816213333334,13.203923666188688,0.8032573352312534,0.21738298672485917,0.09725951378367487,0.0,0.0,0.025178302741630177,0.0,inf,2.5,50.0,10
2920.4125795555556,13.47636150389738,0.8265930339814674,0.22101740255919222,0.10546225359581851,0.0,0.0,0.017849861083124738,0.0,inf,2.5,50.0,10
2898.139320888889,13.509611015964914,0.8286425007179304,0.2199988767551374,0.11384939260962607,0.0,0.0,-0.017741357613439136,0.0,inf,2.5,50.0,10
2827.386247111111,13.61695219682697,0.842214852062129,0.2143657870114884,0.11352019019050424,0.0,0.0,0.012623937537124229,0.0,inf,2.5,50.0,10
2877.399644444444,13.540801752642697,0.8332476873637533,0.20282433983916287,0.11371126721181629,0.0,0.0,-0.014399221165525836,0.0,inf,2.5,50.0,10
2702.433130666667,13.813254043449746,0.8428912668941022,0.22230824177466751,0.1134135762069513,0.0,0.0,-0.01117600238457504,0.0,inf,2.5,50.0,10
2976.6297813333335,13.393555382878217,0.8192920376967835,0.20748489306549278,0.1075616148967471,0.0,0.0,-0.02395358649178634,0.0,inf,2.5,50.0,10
2599.3524764444446,13.982151863320759,0.8594245940197787,0.2271152002957635,0.12125076563563914,0.0,0.0,0.0038124197155630646,0.0,inf,2.5,50.0,10
3000.893319111111,13.358298042117632,0.731951481722086,0.18922691452871498,0.05355444741909687,0.0,0.0,-0.03046373382005457,0.0,inf,2.5,50.0,10
2616.0518613333334,13.954340115567978,0.8615340365148781,0.22426305797277318,0.12107402069337259,0.0,0.0,0.0024992955964058764,0.0,inf,2.5,50.0,10
3073.918848,13.253879630037982,0.4333045754235699,0.10582017087634332,0.02912204784463962,0.0,0.0,0.12307034754922132,0.0,inf,2.5,50.0,10
2985.3470506666667,13.380855351417837,0.6940740653771614,0.14887972078274153,0.04842709749613905,0.0,0.0,0.06337310178452649,0.0,inf,2.5,50.0,10
2770.0791964444443,13.70588175165507,0.5536533894594812,0.06826053486029987,0.02154857519192288,0.0,0.0,0.10054903663824051,0.0,inf,2.5,50.0,10
3028.2643911111113,13.318865710874393,0.44410924971539123,0.12496555287754502,0.06683137680710999,0.0,0.0,0.12122682348909766,0.0,inf,2.5,50.0,10
2811.2733653333335,13.641772828579557,0.5454372087615188,0.1055001059345107,0.015088898072329548,0.0,0.0,0.10707800993573749,0.0,inf,2.5,50.0,10
3049.672085333333,13.288272163363255,0.5985145371147689,0.18156262739219797,0.044545933378841884,0.0,0.0,0.06667207587061107,0.0,inf,2.5,50.0,10
3013.7456284444443,13.339737674430248,0.47923120102588,0.14529489327728468,0.036135252629970305,0.0,0.0,0.10843813216641543,0.0,inf,2.5,50.0,10
2923.5111395555555,13.471756078841779,0.5088901401850996,0.12123525008123959,0.016900132741979546,0.0,0.0,0.11337670934680424,0.0,inf,2.5,50.0,10
3109.466808888889,13.203944354454421,0.4331053630665292,0.05812625169453273,0.06223636877861877,0.0,0.0,0.13613160740648822,0.0,inf,2.5,50.0,10
2931.086513777778,13.460517236298164,0.5590459098867754,0.1814932563575879,0.012890189888379755,0.0,0.0,0.1130265663403964,0.0,inf,2.5,50.0,10
2826.555754666667,13.61822804397349,0.6298393383683767,0.12200744262267882,0.01905791423382297,0.0,0.0,0.07509912534552005,0.0,inf,2.5,50.0,10
2867.3391786666666,13.556012920195496,0.5558517297151266,0.1254781949356329,0.0027939712155318763,0.0,0.0,0.11095432837951326,0.0,inf,2.5,50.0,10
3210.729144888889,13.064766905681925,0.3773827919000518,0.08910936480383519,0.04396356243769184,0.0,0.0,0.1072531444123629,0.0,inf,2.5,50.0,10
3037.845191111111,13.305147224666385,0.6615611434138553,0.1524190249818667,0.04988679918147437,0.0,0.0,0.06886881352039188,0.0,inf,2.5,50.0,10
3041.550186666667,13.29985373995459,0.43785591843639154,0.08563841685023349,0.0442533529548122,0.0,0.0,0.11330536009491478,0.0,inf,2.5,50.0,10
2931.6159715555555,13.459732817875125,0.571039226167795,0.1282476754148547,0.015816291771544255,0.0,0.0,0.08404465434223782,0.0,inf,2.5,50.0,10
2807.1332693333334,13.648173295080838,0.5745057178889108,0.09276051612303743,0.028946731999149655,0.0,0.0,0.09877270089446057,0.0,inf,2.5,50.0,10
2984.2672,13.382426552407502,0.607480174613034,0.1330805512593991,0.04360998048826287,0.0,0.0,0.07540166238542742,0.0,inf,2.5,50.0,10
2868.6489386666667,13.55402957734726,0.5095634438932443,0.10045725652827747,0.022416471285937434,0.0,0.0,0.11555640208695206,0.0,inf,2.5,50.0,10
3002.6808533333333,13.355711861787158,0.5411580358652461,0.13915610477122337,0.025030367719963253,0.0,0.0,0.08898733701795407,0.0,inf,2.5,50.0,10
3625.4115982222224,12.537230410811349,0.32412768578066237,0.0665638824405223,0.07304165544316416,0.0,0.0,0.18689960776233452,0.0,inf,2.5,50.0,10
4332.022862222222,11.76389620922302,0.250412792176896,0.0644485998994278,0.051876756736649876,0.0,0.0,0.230923818513598,0.0,inf,2.5,50.0,10
4128.115754666666,11.973284942186782,0.2546672939436701,0.06569824815626124,0.05217960169591468,0.0,0.0,0.2163109499076883,0.0,inf,2.5,50.0,10
3558.271473777778,12.6184128191313,0.35977570209829296,0.03425172720536196,0.04075463181876471,0.0,0.0,0.20557932659122727,0.0,inf,2.5,50.0,10
3022.363776,13.32733625417729,0.4441208236201708,0.08812238071496342,0.057380381324130814,0.0,0.0,0.16617462693950563,0.0,inf,2.5,50.0,10
3672.433870222222,12.48126376706816,0.2858847195604689,0.09619617379360162,0.04734029612057067,0.0,0.0,0.1923188114737732,0.0,inf,2.5,50.0,10
3305.2269013333334,12.93879082034297,0.36381081388287945,0.08360286799695715,0.06808708047859269,0.0,0.0,0.1831172871054727,0.0,inf,2.5,50.0,10
3945.725240888889,12.169535208337285,0.2978848776867659,0.06477509601130138,0.07819354276601514,0.0,0.0,0.2174491904814123,0.0,inf,2.5,50.0,10
3421.2800284444443,12.78891738646883,0.35163005686493926,0.04410461973488666,0.0667678070966578,0.0,0.0,0.17982718300732772,0.0,inf,2.5,50.0,10
3292.903239111111,12.955013915703708,0.3795306824707451,0.08626974441763635,0.036535364609686816,0.0,0.0,0.17944646785555796,0.0,inf,2.5,50.0,10
4132.907591111111,11.968246659949099,0.2419500644961055,0.061993728526914704,0.011681933645154796,0.0,0.0,0.2047491989398835,0.0,inf,2.5,50.0,10
3453.8962275555555,12.747710758347973,0.34881541868228205,0.0830118931983238,0.037909047699137555,0.0,0.0,0.18131737649559307,0.0,inf,2.5,50.0,10
3446.961351111111,12.7564394693872,0.32363118486537534,0.07466535284288889,0.03862175029192544,0.0,0.0,0.16068378155352564,0.0,inf,2.5,50.0,10
3694.0001706666667,12.455834496988285,0.28261322192722216,0.05530274174025712,0.07971988336696328,0.0,0.0,0.20055361314121403,0.0,inf,2.5,50.0,10
3837.3748124444446,12.290461402397113,0.25933897487125723,0.018793288545834397,0.07306778158515248,0.0,0.0,0.18917752749199052,0.0,inf,2.5,50.0,10
3938.070272,12.177968993274824,0.2543674889044572,0.05654177928176962,0.059860706105580475,0.0,0.0,0.21026846303551383,0.0,inf,2.5,50.0,10
3562.255793777778,12.613552593741492,0.2988171483448927,0.08850275612913289,0.05618706132070117,0.0,0.0,0.1841965630986582,0.0,inf,2.5,50.0,10
3492.0681813333335,12.699976463132545,0.30752100300033874,0.08272318038424803,0.04536845488130331,0.0,0.0,0.1813514562832129,0.0,inf,2.5,50.0,10
3625.306190222222,12.537356682758727,0.3422565083383726,0.059476054044566073,0.0663823722660638,0.0,0.0,0.2074256826668267,0.0,inf,2.5,50.0,10
3730.4085333333333,12.413239649689388,0.3185629293107352,0.016254546975893347,0.07411176742586434,0.0,0.0,0.1909276152674999,0.0,inf,2.5,50.0,10
2584.01472,14.00785377552385,0.861701862610768,0.22321940886333147,0.12143663285192924,0.0,0.0,0.0,-0.00032591556805355734,inf,2.5,50.0,10
3025.169095111111,13.323307058393528,0.7530639885943572,0.18360095722062464,0.0741087748093417,0.0,0.0,0.0,0.017835524724648145,inf,2.5,50.0,10
2987.217024,13.37813585233384,0.7444896426684579,0.1765849281042542,0.04608014505087704,0.0,0.0,0.0,0.019205108140396433,inf,2.5,50.0,10
2681.1751893333335,13.847551689383597,0.8551419798842679,0.22696257268308717,0.11673923549656523,0.0,0.0,0.0,0.003479284311761799,inf,2.5,50.0,10
2705.602161777778,13.80816423612549,0.8566317749151281,0.22522205755357178,0.11888570931838643,0.0,0.0,0.0,-0.003435938791100551,inf,2.5,50.0,10
2639.0863644444444,13.916267580719124,0.8583878725325221,0.22428967488121332,0.11992000087330934,0.0,0.0,0.0,0.0021735058225844355,inf,2.5,50.0,10
2646.050680888889,13.90482202717262,0.8574207009264958,0.22807986519918005,0.1178234665415479,0.0,0.0,0.0,-0.0034100410476267085,inf,2.5,50.0,10
2905.5750684444442,13.498482605148931,0.5338969463443896,0.11835746686243054,0.00880942565360332,0.0,0.0,0.0,-0.04942094412378901,inf,2.5,50.0,10
3023.449464888889,13.325776468322879,0.7850041430165161,0.2134277077314003,0.07618069787443826,0.0,0.0,0.0,-0.014224694288982825,inf,2.5,50.0,10
3056.375153777778,13.27873700356954,0.7845589145032511,0.222286209771891,0.07686407021869679,0.0,0.0,0.0,-0.017032363585349167,inf,2.5,50.0,10
2941.917304888889,13.444499000002567,0.6638770653264254,0.14670833096898572,0.02647669288293686,0.0,0.0,0.0,-0.021666422434849463,inf,2.5,50.0,10
2901.441806222222,13.504664964584931,0.8327405550973674,0.21126540673051286,0.11547589116982782,0.0,0.0,0.0,0.0073801872540056575,inf,2.5,50.0,10
2899.1673386666666,13.508070775025164,0.6861002438711291,0.15639736873854565,0.04081940534701489,0.0,0.0,0.0,-0.02329961875917287,inf,2.5,50.0,10
2813.4934115555557,13.63834458377514,0.8453966129999192,0.2268961310062883,0.1120805805265811,0.0,0.0,0.0,-0.005206972257034466,inf,2.5,50.0,10
3019.6467057777777,13.33124226754008,0.7130664102726046,0.1841343088595475,0.06972013880019101,0.0,0.0,0.0,-0.019424721535956646,inf,2.5,50.0,10
2586.3653902222222,14.00390480792433,0.8617100586406032,0.22368140345493764,0.12165939265879328,0.0,0.0,0.0,-0.00019061626035729698,inf,2.5,50.0,10
2891.6324124444445,13.519372767383118,0.8331843272080617,0.22307945393315426,0.1133259454367877,0.0,0.0,0.0,0.007955802161351342,inf,2.5,50.0,10
2950.3328355555554,13.432093481130092,0.6529918452642167,0.15469691186825163,0.04047014369402546,0.0,0.0,0.0,-0.02721681361073523,inf,2.5,50.0,10
2596.5814684444445,13.986784076164744,0.861684715918739,0.2233300157497582,0.1216826667711825,0.0,0.0,0.0,-0.000151115744634126,inf,2.5,50.0,10
3071.460536888889,13.257354211314215,0.7961124820437582,0.20081813852322683,0.08934619709678743,0.0,0.0,0.0,0.01290197215185396,inf,2.5,50.0,10
3679.6477084444446,12.472741198037502,0.3060080164331974,0.09500274017212679,0.061680951626997604,0.0,0.0,0.0,0.09744775962852394,inf,2.5,50.0,10
3848.9546595555557,12.277375657049403,0.313787129774366,0.02892041114707944,0.033873539897399385,0.0,0.0,0.0,0.10644012331464484,inf,2.5,50.0,10
3245.658161777778,13.01777583600522,0.3707806256741314,0.0976551323365118,0.014104445957470957,0.0,0.0,0.0,0.07061042867504158,inf,2.5,50.0,10
3662.3987413333334,12.493147347925984,0.29505669751196095,0.026902626946119,0.037066383046803764,0.0,0.0,0.0,0.10447774167924256,inf,2.5,50.0,10
3527.360632888889,12.65630497212044,0.35235237930614743,0.0851969179240305,0.04893390891876276,0.0,0.0,0.0,0.10408433120803025,inf,2.5,50.0,10
4030.2803484444444,12.077451039209189,0.2712066125565469,0.10626611591796703,0.045696160686148846,0.0,0.0,0.0,0.10689786167337738,inf,2.5,50.0,10
3687.998122666667,12.462896695589095,0.2963193863717013,0.06376343341124302,0.08199224406936478,0.0,0.0,0.0,0.11553133361141144,inf,2.5,50.0,10
4665.357845333333,11.441953999679642,0.216998712351647,0.03846714130260831,0.054771098559262765,0.0,0.0,0.0,0.11964594784444284,inf,2.5,50.0,10
3691.864896,12.45834561253818,0.27180570556888795,0.016621804071647428,0.07971293397892543,0.0,0.0,0.0,0.1030702900364332,inf,2.5,50.0,10
3834.525162666667,12.29368768854468,0.2607131940352386,0.09413294060526706,0.028476811801855406,0.0,0.0,0.0,0.10765780726398863,inf,2.5,50.0,10
3958.800711111111,12.15516721263523,0.2528844140610481,0.0006259849051076793,0.07601593454469996,0.0,0.0,0.0,0.11093025374523,inf,2.5,50.0,10
3097.6812586666665,13.22043632636412,0.43869028240867464,0.07345912611403943,0.05497357970470407,0.0,0.0,0.0,0.07803804337162362,inf,2.5,50.0,10
4397.2662826666665,11.698975951364998,0.23658393827477245,0.01356969741265096,0.0404467976983412,0.0,0.0,0.0,0.12127494134224527,inf,2.5,50.0,10
3286.349048888889,12.963666721414317,0.36116811926079456,0.09428136527649489,0.03661684591524533,0.0,0.0,0.0,0.09120634168073732,inf,2.5,50.0,10
3597.5526542222224,12.570732018254066,0.29623411295544644,0.06794423808141381,0.05945602949294326,0.0,0.0,0.0,0.10380444327633052,inf,2.5,50.0,10
3485.410481777778,12.70826427939465,0.3213163995648211,0.08617254099042732,0.031300875576416864,0.0,0.0,0.0,0.08124681654468183,inf,2.5,50.0,10
3501.5220266666665,12.68823498203406,0.3104444538872818,0.0879011940241286,0.04442830176789908,0.0,0.0,0.0,0.09993430401634502,inf,2.5,50.0,10
4093.8063075555556,12.009530700621305,0.24564922484047652,0.0027430818832740456,0.06833695018884861,0.0,0.0,0.0,0.1185074136482527,inf,2.5,50.0,10
3197.598279111111,13.082564593451432,0.4193055246180004,0.07773725306000018,0.053214232659250515,0.0,0.0,0.0,0.09052883209080792,inf,2.5,50.0,10
3914.2769422222223,12.204288113333583,0.25741667896139,0.027930056492017186,0.04569967593640262,0.0,0.0,0.0,0.11509843797534973,inf,2.5,50.0,10
4007.505607111111,12.102062221971337,0.25102829426326045,0.10776120761222974,0.05841904921246266,0.0,0.0,0.0,0.1722761012677687,inf,2.5,50.0,10
4765.282154666666,11.34991740345416,0.14830510216082765,0.04558296938300421,0.0467480492370107,0.0,0.0,0.0,0.20027198779392805,inf,2.5,50.0,10
4562.890090666667,11.538403531059574,0.18653032929759691,0.029164697551290808,0.06843975358292165,0.0,0.0,0.0,0.20678718110630748,inf,2.5,50.0,10
5652.223793777778,10.608610119237614,0.10857316759229045,0.02514041591968591,0.03980221773463061,0.0,0.0,0.0,0.20597485294111575,inf,2.5,50.0,10
5038.372181333333,11.10790115465006,0.15515668744705338,0.006015734900796876,0.000910916385670979,0.0,0.0,0.0,0.19419288105011126,inf,2.5,50.0,10
6214.177073777778,10.196967364953178,0.12174752447472273,0.11153796729052129,0.006206127468524114,0.0,0.0,0.0,0.21172209399099012,inf,2.5,50.0,10
5033.484003555555,11.1121166810896,0.12043296739493009,0.00737380144976324,0.006668466388076111,0.0,0.0,0.0,0.20058073307098687,inf,2.5,50.0,10
4479.395008,11.618609991978222,0.15381862059080334,0.040989274253194596,0.02637548847980664,0.0,0.0,0.0,0.19781234597930228,inf,2.5,50.0,10
4062.5177955555555,12.042850844822956,0.1764328865061912,0.05611523544144603,0.031032792372052975,0.0,0.0,0.0,0.1860003083769311,inf,2.5,50.0,10
5567.652586666667,10.674082327569357,0.10713036103651709,0.07312264607975555,0.016701793012235233,0.0,0.0,0.0,0.20892519410495458,inf,2.5,50.0,10
5887.256938666666,10.431673706460119,0.11636790533674767,0.050610636975024825,0.0132215493056283,0.0,0.0,0.0,0.23608595450830555,inf,2.5,50.0,10
5155.455175111111,11.008133456979941,0.14216981749994564,0.018735328811597785,0.02970594809999494,0.0,0.0,0.0,0.18008682973102835,inf,2.5,50.0,10
4715.579761777778,11.39545265732602,0.1910505881342757,0.01605473679538777,0.03215395848608393,0.0,0.0,0.0,0.161443100247037,inf,2.5,50.0,10
4725.328739555555,11.386483332483168,0.18892185195495703,0.009340893376222403,0.052203715645950666,0.0,0.0,0.0,0.19945344169123647,inf,2.5,50.0,10
5519.884842666666,10.711503434133666,0.11846264914824081,0.000599799017273861,0.03254665598380685,0.0,0.0,0.0,0.20378060154555297,inf,2.5,50.0,10
5236.8343466666665,10.940115245005881,0.12884002099736855,0.014359538349753231,0.001469786398424322,0.0,0.0,0.0,0.17991897346423183,inf,2.5,50.0,10
4737.708465777778,11.37512027908651,0.24616204253009724,0.03735837733593528,0.0635495066205169,0.0,0.0,0.0,0.17481409970363404,inf,2.5,50.0,10
5925.425735111111,10.403608014993349,0.1151756091936753,0.02498352166276896,0.01832141513753599,0.0,0.0,0.0,0.20358566558944102,inf,2.5,50.0,10
5252.2790968888885,10.927325651910904,0.11630948254674234,0.05420024906871779,0.004674751562772694,0.0,0.0,0.0,0.24039570420051237,inf,2.5,50.0,10
4785.453553777777,11.331572554179132,0.1554487425201629,0.07864265445387225,0.05842770780274298,0.0,0.0,0.0,0.20061983480835568,inf,2.5,50.0,10
